"Industrial product price index, by major product group, monthly 1",,,,,,,,,,,,,,,,,,,,,,,,
Frequency: Monthly,,,,,,,,,,,,,,,,,,,,,,,,
Table: 18-10-0265-01,,,,,,,,,,,,,,,,,,,,,,,,
Release date: 2023-11-17,,,,,,,,,,,,,,,,,,,,,,,,
Geography: Canada,,,,,,,,,,,,,,,,,,,,,,,,
,,,,,,,,,,,,,,,,,,,,,,,,
,,,,,,,,,,,,,,,,,,,,,,,,
,,,,,,,,,,,,,,,,,,,,,,,,
Geography,Canada,,,,,,,,,,,,,,,,,,,,,,,
North American Product Classification System (NAPCS),"Total, Industrial product price index (IPPI)","Total Industrial product price index (IPPI), excluding energy and petroleum products","Meat, fish and dairy products  [P11]","Fruit, vegetables, feed and other food products  [P12]",Beverages (except juices)  [P13],Tobacco products  [P14],"Cannabis products (except seeds, plants, plant parts and fresh cannabis)  [P15]",Textile and leather products  [P21],"Clothing, footwear and accessories  [P22]",Chemicals and chemical products  [P31],Plastic and rubber products  [P32],Lumber and other wood products  [P41],Pulp and paper products  [P42],Energy and petroleum products  [P51],Primary ferrous metal products  [P61],Primary non-ferrous metal products  [P62],Fabricated metal products and construction materials  [P63],Motorized and recreational vehicles  [P71],Machinery and equipment  [P72],"Electrical, electronic, audiovisual and telecommunication products  [P73]",Furniture and fixtures  [P74],"Cement, glass, and other non-metallic mineral products  [P81]",Packaging materials and containers  [P91],Miscellaneous products  [P92]
Reference period,,,,,,,,,,,,,,,,,,,,,,,,
,"Index, 202001=100",,,,,,,,,,,,,,,,,,,,,,,
Jan-02,76.2,80.7,72.2,70.8,75.1,31.2,..,86.3,89.5,70.1,74.9,91,84.8,39.2,..,..,65.2,108.6,84.1,96.6,74.2,72.9,..,..
Feb-02,76.6,81,73.2,70.8,75.8,31.2,..,86.5,89.8,69.9,74.5,94.4,83.9,39.9,..,..,65.2,108.7,84,96.6,74.3,72.8,..,..
Mar-02,77.1,81.1,73.4,71.1,76.2,31.2,..,86.4,89.8,69.3,74.1,98.9,82.6,43.1,..,..,65.1,108.4,84.1,96.2,74.2,72.8,..,..
Apr-02,77.3,81.1,72.7,70.9,76.6,32.6,..,87,89.8,70,74.3,97.8,82.3,45.7,..,..,65.3,108.2,84.2,96.4,74.2,73.3,..,..
May-02,76.8,80.6,72,71.1,76.3,32.6,..,86.8,89.8,70.3,75.2,94.9,82.2,45.7,..,..,65.5,106.6,84,95.6,74.2,73.3,..,..
Jun-02,76.6,80.4,71.9,71.3,76.4,32.6,..,86.8,90,70.6,75,90.7,82.4,45.3,..,..,65.6,106.3,84.1,95.5,74.2,73.3,..,..
Jul-02,76.8,80.5,73.1,72.1,76.4,32.7,..,86.9,90.1,71,75.1,90.9,82.8,46.5,..,..,66,105.5,84.1,95,74.4,73.3,..,..
Aug-02,77.4,80.9,72.7,72.4,76.4,32.7,..,87.1,90.1,72.1,75.5,90.4,83.9,48.3,..,..,66.4,106.7,84.3,95.4,74.4,73.5,..,..
Sep-02,78,81.4,71.9,73.2,76.8,33.8,..,87.3,89.9,72.7,75.5,89.2,84.9,49.8,..,..,66.6,108.1,84.4,96,74.4,73.5,..,..
Oct-02,78.2,81.5,72.8,73.2,77.4,34,..,87.3,90,72.1,75.3,89.5,84.9,51.2,..,..,66.6,108.3,84.4,96,74.8,73.4,..,..
Nov-02,77.9,81.4,72.4,73.4,77.6,33.8,..,87.3,90,72.1,75.3,88.6,84.3,49.2,..,..,66.6,108.1,84.4,95.9,75,73.6,..,..
Dec-02,77.7,81.1,73.6,73.6,77.5,34.3,..,87.3,90,71.6,74.9,88.4,83.3,49.1,..,..,66.5,107.1,84.3,95.1,75,73.5,..,..
Jan-03,78.1,81.1,74.2,73.6,77.8,34.3,..,87.2,89.9,73,75.2,88.4,82.6,53.5,..,..,66.5,106,84.3,95.1,75.1,73.6,..,..
Feb-03,78.8,81.2,74.6,73.7,77.6,36.4,..,87.1,90.1,73.7,75.6,89.7,82.5,59.1,..,..,66.7,105.2,84.2,94.9,75.1,74,..,..
Mar-03,78.5,80.8,75.1,73.6,77.8,36.7,..,87,90,75.8,75.9,86.7,82.9,59.9,..,..,66.8,103.6,84.1,94.1,75.1,73.7,..,..
Apr-03,77.1,80.2,74.6,73.5,78.2,37.8,..,86.3,90.1,75.4,76.8,85.5,83.5,51.5,..,..,66.8,102,83.8,93.3,75.2,74,..,..
May-03,75.4,78.9,74.6,73.6,78.4,39.2,..,86.2,90,74.3,76.8,83.2,81.8,46.7,..,..,66.3,98.4,83.5,91.6,75.2,74.1,..,..
Jun-03,74.8,78.1,74.1,73.3,78.4,39.2,..,86.1,90,73.2,76.4,84.8,80.3,46.5,..,..,66.2,96.4,83.1,90.7,75.2,74,..,..
Jul-03,75.7,79,72.4,73.3,78.2,39.3,..,85.9,89.8,73.4,76.2,88.5,80.8,47.7,..,..,66.4,99.4,83.4,91.8,75.8,73.4,..,..
Aug-03,76.1,79,71.4,73,78.6,39.3,..,86.1,89.9,72.7,75.8,90.4,81.3,51.4,..,..,66.4,99.2,83.4,91.1,75.8,73.4,..,..
Sep-03,76.1,79.3,72.2,73.6,79.1,39.3,..,85.9,89.9,73.2,75.7,96.9,80.3,49.8,..,..,66.6,98.2,83.3,90.5,76,73.4,..,..
Oct-03,75.1,78.5,72.2,73.8,79.2,39.3,..,85.1,90.2,72.2,75.6,93.6,79.5,47.8,..,..,66.4,95.8,83.2,89.5,76.2,73.3,..,..
Nov-03,74.8,78.2,72.7,74.2,79.2,39.2,..,85.1,90.2,71.6,75.3,92.3,79.2,46.8,..,..,66.4,94.7,82.8,89,76.2,73.3,..,..
Dec-03,75,78.3,73.1,74.1,79.1,39.4,..,85.3,90.2,71.6,75,89.1,79.1,47.7,..,..,66.7,95.2,83,89,76.2,73.3,..,..
Jan-04,75.6,78.6,72.3,74.4,80.1,39.4,..,85.2,89.9,73.3,75,91.7,77.9,51.2,..,..,67.3,94.4,82.8,89.6,76.7,74,..,..
Feb-04,77.3,80.2,74,74.7,80.1,39.3,..,85.3,90.2,73.1,75.4,99.7,79.5,53.6,..,..,68.2,96,83.2,90.6,76.5,74,..,..
Mar-04,77.8,80.7,74.8,75.4,79.8,39.3,..,85.3,90.2,73.6,75.8,100.3,80.7,54.4,..,..,69.7,96.1,83.3,90.8,76.8,74.2,..,..
Apr-04,78.8,81.7,75.9,76.1,80.3,40.1,..,85.8,90.3,74.3,76.5,103.2,82.6,55.4,..,..,71,97,83.6,91.2,76.8,74.5,..,..
May-04,80.4,82.7,77,76.1,80.6,40.1,..,85.8,90.5,76.1,77,106,83.9,62.4,..,..,71.9,98.8,84.2,92,77.1,74.5,..,..
Jun-04,80,82.4,76.5,75.8,81.1,40.1,..,85.6,90.5,75.6,77.7,102.7,84.5,60.1,..,..,72.5,97.8,84,91.8,77.1,74.6,..,..
Jul-04,79.8,82.2,76.9,75.8,80.7,40,..,85.6,90.5,76.3,77.7,100.2,84.4,60.3,..,..,73.1,96.1,83.8,91.3,77.4,74.8,..,..
Aug-04,80.2,82.4,76.1,74.6,80.9,40.1,..,85.5,90.4,76.5,78,104.7,84.3,62.7,..,..,74,95.6,83.8,91,77.7,75,..,..
Sep-04,79.8,81.8,73.2,74,80.8,40.1,..,85.4,90.4,76.8,78.3,104.1,83.3,64,..,..,74.5,94.4,83.8,90.6,77.9,75.4,..,..
Oct-04,79.3,80.8,72.9,73.4,80.7,40.2,..,85.6,90.4,77.8,78.8,94.1,82.3,67.6,..,..,74.6,92.3,83.4,90,77.9,75.3,..,..
Nov-04,77.8,79.5,71.6,72.6,80.4,40.2,..,85.4,90.4,77.8,78.6,88.9,80.2,64.2,..,..,74.3,89.9,82.9,88.8,78.5,75.5,..,..
Dec-04,77.9,80.3,72.1,72.8,80.8,40.2,..,85.5,90.1,78.4,79.1,92.6,80.6,59.3,..,..,74.3,91.2,83.3,89.4,78.5,75.5,..,..
Jan-05,78.6,80.7,72.5,72.4,81.1,40.2,..,85.9,90.1,78.4,80.1,93.9,81.5,61.1,..,..,74.9,91.6,83.9,89.8,79.1,76.4,..,..
Feb-05,79.6,81.5,73.5,72.7,80.9,40.2,..,86.2,90,79.2,80,97.4,82.6,64.2,..,..,75.5,92.3,84.2,90.4,79.1,76.8,..,..
Mar-05,80,81.3,73.4,73.3,81.1,40.2,..,86.1,90.2,79.7,80.7,97.3,82.2,69.5,..,..,75.4,91.1,84,89.9,78.9,76.8,..,..
Apr-05,80.3,81.5,72.8,73.2,81.2,42,..,86.6,90.3,80.1,80.9,94.2,83.2,71.3,..,..,75.5,92.1,84.4,90.5,78.8,76.6,..,..
May-05,80.2,81.6,73.3,73.4,81.3,42,..,86.9,90.1,80.2,81.1,90.8,83.2,68.5,..,..,75.2,93.1,85,91,79.4,76.7,..,..
Jun-05,80,81.1,71.6,73.6,81.4,42,..,87.2,90.2,80,80.8,90.9,82.3,71.8,..,..,74.9,92.3,84.9,90.7,79.9,76.8,..,..
Jul-05,79.8,80.4,71.4,73.9,81.4,42.1,..,87.2,90.1,79.1,80.9,89.7,81.5,75.2,..,..,74.6,91.2,84.9,90.4,80,76.8,..,..
Aug-05,80.1,80.2,72.5,73.4,81.6,42.1,..,86.9,90.1,79.3,81.1,87.4,81.1,80.5,..,..,74.4,90.3,84.7,90.1,80.1,76.8,..,..
Sep-05,80.7,80,72.1,73.1,81.4,42.1,..,86.5,90.1,81.7,81.5,90.1,80.2,87.7,..,..,74.5,89,84.4,89.9,80,76.8,..,..
Oct-05,80.8,80.5,71.7,73.4,81.5,42.2,..,86.4,90,84.4,84,90.6,80.3,84.1,..,..,74.6,89,84.4,90.2,80.6,76.8,..,..
Nov-05,80.2,80.8,71.5,73.6,81.6,42.2,..,86.5,90,86.1,84.8,88.5,80.6,76,..,..,74.7,89.3,84.3,90.4,80.8,77.1,..,..
Dec-05,80,80.8,71.6,74.1,81.6,42.5,..,86.4,90,84.7,84.7,89.4,80.3,74.4,..,..,74.9,88.3,83.7,90,80.6,77.2,..,..
Jan-06,80.6,81.2,71.3,74.4,82.2,42.5,..,86.7,90.1,83.6,85.2,91,80.6,77,..,..,75,88.1,84,90.1,81.4,78.8,..,..
Feb-06,80.2,81.2,71.2,74.2,82.3,43.3,..,86.8,90.3,82.9,84.8,90.2,81.3,72.9,..,..,75.1,87.9,83.9,90.3,81.4,78.9,..,..
Mar-06,81,81.5,71.5,74.5,82.2,44.4,..,87,90.3,83,84.8,89.8,81.6,77.1,..,..,75.2,88.3,84.2,90.8,81.4,79.3,..,..
Apr-06,82,81.8,71,74.4,82.4,44.4,..,87,90.4,81.9,84.5,89.1,82.1,84.9,..,..,75.4,87.4,84.4,91,81.7,79.9,..,..
May-06,82.2,82,71.5,74.3,82.4,44.4,..,87.2,90.4,81.3,83.9,88,81.8,86,..,..,75.6,85.9,83.8,90.6,81.7,79.9,..,..
Jun-06,82.1,81.6,71.9,74.4,82.7,44.4,..,87.1,90.4,81.6,84.5,86,82.3,86.9,..,..,76,86,83.9,90.9,81.8,79.9,..,..
Jul-06,83.5,82.7,73.5,74.5,82.3,44.6,..,87.3,90.5,82.2,84.2,86.1,83.1,91.9,..,..,76,86.8,84.4,91.6,82.3,79.9,..,..
Aug-06,82.9,82.3,72.7,74,82.4,44.6,..,87.3,90.5,82.5,84,84.9,83.3,90.2,..,..,76.1,86.3,84.2,91.3,82.3,80.1,..,..
Sep-06,81.6,82.3,73.5,74.1,82.7,45.6,..,87.3,90.5,82.6,84.1,85.1,83.6,77.2,..,..,76,86.3,84.2,91,82.5,79.9,..,..
Oct-06,81.5,82.8,72.2,75,82.7,45.6,..,87.2,90.2,82.7,84.2,84.1,84.2,72.2,..,..,75.9,87,84.3,91.3,82.6,79.9,..,..
Nov-06,81.6,82.9,72.6,75.9,83,48,..,86.5,90.4,83.2,84.3,83.9,84.5,71.7,..,..,75.7,87,84.4,91.5,82.6,79.9,..,..
Dec-06,82.7,83.7,72.8,76.2,83.1,48.1,..,87.6,90.4,83.2,83.9,84.6,85,75.1,..,..,75.6,87.9,84.6,92.3,82.6,79.9,..,..
Jan-07,82.9,84.3,73.5,76.7,84,48.1,..,87.7,90.1,83.3,83.3,87,85.6,72.4,..,..,75.9,89,85.4,93,82.8,81.1,..,..
Feb-07,83.7,84.7,75,77.2,83.7,48.1,..,87.6,90.3,84.6,83.3,86.3,85.6,75.8,..,..,76.2,88.7,85.4,92.2,82.8,81.2,..,..
Mar-07,84.9,85.2,75.4,77.6,84,48.1,..,87.6,90.4,85.1,83.2,85.8,85.4,82.9,..,..,76.6,88.6,85.4,92.1,82.9,81.5,..,..
Apr-07,85.1,85.1,75.6,77.2,84.4,48.1,..,87,90.4,86.3,83,85.3,84,85.9,..,..,77,87,84.9,91.9,83.2,81.8,..,..
May-07,84.8,84.5,75.6,77.2,84.4,50.6,..,86.6,90.4,86.8,82.5,83.9,82.4,88.3,..,..,76.7,85,84.5,91,83.2,81.8,..,..
Jun-07,83.8,83.7,75,77.6,84.3,51.5,..,86.4,90.4,87.1,82.1,84.3,81.3,85.9,..,..,76.6,83.5,84.1,90.2,83.2,81.8,..,..
Jul-07,83.3,83,75.2,77.7,84.5,51.6,..,86.1,90.6,85.9,81.9,85.1,80.8,86.6,..,..,76.4,83,83.8,89.7,83.4,81.7,..,..
Aug-07,82.5,82.4,74.4,77.6,85.2,51.6,..,86.3,90.7,84.3,82.7,84.3,81.3,84.1,..,..,76.4,83.5,84,89.7,83.5,81.8,..,..
Sep-07,81.8,81.5,73.7,78.2,85,51.6,..,86.3,90.7,83.8,82.1,83,80.5,85.2,..,..,76.2,82.2,83.4,88.8,83.5,81.9,..,..
Oct-07,80.8,80.5,71.9,78.7,85.1,51.6,..,85.9,90.4,84.1,81.9,81.3,79.1,84.3,..,..,75.9,79.5,82.3,87.4,83.7,81.5,..,..
Nov-07,81.3,80.3,71.8,79.1,85.1,51.6,..,85.5,90.4,85.3,81.8,80.7,78.8,90.8,..,..,75.7,79.2,82.1,86.9,83.8,81.7,..,..
Dec-07,82.3,81.2,72.6,80.4,85.1,51.6,..,86,90.5,87.6,82.4,81.5,80.2,92.5,..,..,76.1,80.9,82.8,87.6,83.8,81.6,..,..
Jan-08,83.2,82,72.6,81.9,85.7,51.6,..,86.3,90.5,88.3,82.6,81.4,81.3,94.2,..,..,76.8,81.3,83.4,87.7,84.2,82.9,..,..
Feb-08,83.2,82,72.7,83.4,85.7,51.6,..,86.5,90.5,87.8,82.1,80.5,81,94.9,..,..,77.4,81,83.3,87.5,84.3,82.6,..,..
Mar-08,84.9,82.8,73.2,83.5,86,51.6,..,86.6,90.5,88.6,82,80.6,81.8,102.9,..,..,77.8,81.2,83.4,88,84.3,82.3,..,..
Apr-08,86.3,83.5,73.4,84.2,86.1,52.1,..,86.8,90.4,90.8,82.5,80.4,82.8,111.4,..,..,79.2,81.6,83.9,88.5,84.7,83.2,..,..
May-08,87.2,83.4,74.6,84.4,86.4,52.1,..,86.8,90.4,91.2,82.7,80.6,82.8,120.8,..,..,80,81,84,88.2,85.2,83,..,..
Jun-08,88.8,84.3,75.2,85.7,86.3,52.1,..,87.3,90.5,94,83.3,81.9,83.8,128.6,..,..,81.7,81.7,84.4,88.7,85.2,83.1,..,..
Jul-08,89.6,84.9,76.1,86.1,87,52.1,..,86.9,90.7,95.5,84,82.2,84.4,130.5,..,..,83,81.6,84.9,89,86.1,83.1,..,..
Aug-08,89.8,86,77.2,85.4,86.9,52.3,..,87.5,90.7,97.8,85.4,84.3,86.6,123.3,..,..,84.2,83.9,86.2,90.2,86.3,83.2,..,..
Sep-08,88.8,85.6,76.1,84.8,87,52.3,..,87.9,90.7,96.1,86.3,84.1,87.1,117.8,..,..,84.2,84.2,86.5,90.5,86.3,83.4,..,..
Oct-08,88.7,87.3,75.8,83.8,87.9,52.7,..,89.4,90.5,97.6,87.9,84.9,91.5,101.5,..,..,84.6,90.9,89.3,93.7,86.4,84.1,..,..
Nov-08,86.1,86.7,75.9,83.6,88.6,52.8,..,89.4,90.4,93.4,87.7,84.4,91.7,81.5,..,..,84,92.7,90.3,94.5,86.4,84,..,..
Dec-08,83.9,86.2,75.9,83.7,88.5,52.8,..,89.6,90.4,89.6,87.4,84,91.9,65.5,..,..,83.5,93.6,90.6,95,86.4,84,..,..
Jan-09,83.9,86.1,75.9,84.7,89.2,52.8,..,89.5,90.5,88.7,86.7,82.4,90.8,66.9,..,..,83.7,93.2,90.9,95.2,87,85.1,..,..
Feb-09,84.3,86.3,76.2,84.4,89.3,52.8,..,89.2,90.4,87.3,86.7,82.8,90.9,67.8,..,..,83.5,94.5,91.3,95.7,87.2,85.4,..,..
Mar-09,84.6,86.6,77.1,84.7,89.5,52.8,..,89.2,90.5,86.9,87.1,82.8,91.2,68.4,..,..,82.9,95.4,91.7,96.1,87.1,85.5,..,..
Apr-09,84.3,86.1,77.2,85.2,89.8,52.9,..,89.3,90.5,87.3,86.9,82,88.9,69.7,..,..,81.8,93.3,91.1,95.3,87.1,85.2,..,..
May-09,83.3,84.5,76.2,85.8,89.5,52.9,..,88.7,90.5,87.4,85.9,80.5,85.9,73.8,..,..,81.3,89.7,89.7,93.7,87,85.6,..,..
Jun-09,83.7,84.1,75.9,86.2,89.6,52.9,..,88.4,90.6,87,85.1,81.1,84.2,81.7,..,..,80.5,88.4,89.1,92.9,87,85.4,..,..
Jul-09,83.2,84,75.9,85.4,89.3,52.9,..,88.5,90.9,85.9,85.4,82.2,84,77.5,..,..,80.5,88.3,89.1,92.6,87,85.6,..,..
Aug-09,83.6,84,75.7,85.7,89.5,52.9,..,88,90.9,87.1,84.8,82.5,82.9,82.3,..,..,80.2,86.7,88.2,91.9,87,85.8,..,..
Sep-09,83.2,83.7,75.4,84.9,89.7,52.9,..,88,91,86.5,85.2,81.6,82.8,79.8,..,..,79.9,86.4,88.1,91.8,87,85.7,..,..
Oct-09,82.9,83.2,75,84.7,90.6,52.9,..,87.6,90.9,87.6,85.3,80.7,82,80.7,..,..,79.1,85,87.5,91.1,87,85.5,..,..
Nov-09,83.6,83.6,75.3,85.1,90.4,52.9,..,87.9,90.9,88,85.2,80.8,82.3,84.4,..,..,79.1,85.3,87.5,91.3,87,85.6,..,..
Dec-09,83.6,83.9,75.1,85.2,90.3,52.9,..,87.8,90.7,90.2,84.9,81.3,82.3,82.6,..,..,79.1,85.1,87.3,91.1,87,85.3,..,..
Jan-10,84.1,84,75,84.5,90.5,52.9,..,87.7,90.8,91.8,84.7,81.4,81.7,85.6,85.6,80.8,79.3,84.8,87,90.7,87,86.1,79.6,82.6
Feb-10,84.1,84.1,75.2,84,91,52.9,..,88.1,90.8,93,85.3,82,83.2,84.4,85.6,77.5,79.3,85.4,87.5,90.9,87,86.3,80.4,82.6
Mar-10,84.1,83.8,75.4,83.4,90.9,52.9,..,87.7,90.5,92,85.4,82.4,83,86.3,85.6,80.2,79.3,83.8,87.4,90.2,86.9,86.3,80.4,82.4
Apr-10,84.5,84.2,75.8,83.6,90.8,52.9,..,87.8,90.4,92.3,85.8,83.6,83.2,86.9,87.2,83,80.3,83.1,87.3,89.4,86.9,86.1,80.8,82.7
May-10,84.8,84.9,76.1,83.6,91.3,53.5,..,87.9,90.3,92.5,86.8,84.8,85.9,85.2,89.9,81.3,80.9,84.8,87.6,90.5,86.9,86.2,81.4,84
Jun-10,84.2,84.3,75.7,83.6,91.1,53.5,..,88,90.4,90.3,87.3,82.8,86.4,84,89.8,78.4,81.3,84.7,87.6,90.2,86.9,86.3,81.7,84.2
Jul-10,84.1,84.3,75.6,84.2,91,53.5,..,88.2,90.7,89,87.7,81.6,86.8,83.4,90.2,78.7,80.2,85,87.7,90.4,86.8,86.2,81.5,84.4
Aug-10,84.4,84.8,75.8,85,90.9,53.4,..,88.2,90.9,89.8,88.2,81.6,86.2,82.7,89,82.7,80.2,84.8,87.7,90.3,86.6,86.3,81,84.5
Sep-10,85.1,85.2,76.6,85.9,90.8,53.4,..,88.1,90.7,90.9,87.7,80.8,85.5,84.7,89.7,86.6,80.6,84.4,87.7,90.1,86.7,86.2,81.2,84.9
Oct-10,85.8,85.6,76.4,87.7,91.5,53,..,88.1,90.6,91.2,86.6,80.7,84.1,87.9,89.2,91.8,80.1,83.8,87.4,89.5,86.8,86.1,80.9,85.7
Nov-10,86.6,85.9,75.9,89.1,91.5,53,..,88.1,90.4,92.1,86.3,80.5,84.1,91.3,89.4,94.2,80.2,83.4,87.5,89.3,86.9,86.4,81,86
Dec-10,87.4,86.4,76.1,90.2,91.3,53.4,..,88,90.4,92.6,85.6,80.9,83.8,94.4,89.5,99,80.3,83,87.4,89.2,86.9,86.3,81.1,86.3
Jan-11,88,86.7,75.9,91,91.7,55.2,..,88.3,90.4,94.4,86.1,81.4,83.5,97.5,89.6,98.6,80.9,83.1,87.5,88.6,87.2,86.7,81.1,86.3
Feb-11,89,87.3,77.3,91.9,92.1,55.9,..,88.2,90.7,95.6,86.1,81.7,83.2,100.8,90.5,102.5,81.4,82.8,87.5,88.6,87.2,86.4,81.1,86.5
Mar-11,90.5,87.8,78.3,91.8,92,56.4,..,88.5,91,96.2,87.3,81.4,83,108.5,93.4,105,82.1,82.3,87.6,88.4,87,86.6,81.4,87.2
Apr-11,91.4,88.2,78.8,92.8,92,57,..,89.2,90.9,97.2,86,81.4,82,112.9,92.4,110.7,82.1,81.4,87.4,87.9,86.9,86.7,81.5,87.3
May-11,91,87.9,78.1,92.8,92.4,57,..,89.8,91,99.1,87.5,80.5,82.6,111.2,92.6,104.4,81.9,81.7,87.7,88.1,86.8,86.7,82.1,87.4
Jun-11,91,88.2,77.8,93.6,92.5,57,..,89.9,91,99.3,88.6,80.2,82.9,110.2,91.7,104.1,81.5,82.4,88.3,88.4,86.8,86.7,82.5,88.2
Jul-11,91,88,78.1,93.4,92.7,56.9,..,90.5,91.1,98.3,89.1,80.3,81.8,110.9,93,105.4,81.9,81.2,88.1,87.9,86.8,87.4,82.6,88.1
Aug-11,91.7,89.1,78.6,94.2,93.3,56.9,..,90.9,91.1,100.1,89.5,80.5,82.9,109.5,92,109.3,81.9,82.6,88.4,88.6,86.8,87.3,82.6,90.1
Sep-11,92.1,89.4,78.2,94.3,93.4,56.9,..,90.8,91.2,100.5,90,80.6,83.4,110.4,91.7,108.7,81.6,83.8,88.7,89.1,86.8,87.4,82.4,90.7
Oct-11,91.5,88.5,78.3,93.6,93.6,56.9,..,90.8,91.2,99.6,89.9,79.8,84,111.7,92,98,82.3,84.7,89,89.8,86.9,87.6,82.9,89.9
Nov-11,91.8,88.6,78.2,92.9,93.8,56.9,..,90.3,91,98.7,89,79.7,83.8,112.9,90.5,100.5,81.7,85.1,89.2,90.2,86.9,87.6,82.7,90.9
Dec-11,90.9,88.1,78.4,92.8,93.7,57,..,90.3,91.2,98.4,89.2,80,84.1,109.4,90.5,95.9,81.8,84.9,89.3,90.3,86.8,87.6,82.7,90.3
Jan-12,91.4,88.3,78.4,93.4,93.9,57.7,..,89.3,91.6,98.8,89.4,81.1,83.3,112.3,91.5,96.6,81.9,84.6,89.5,90.3,87.4,88,82.4,90.3
Feb-12,92.1,88.8,79.7,93.4,94.4,58.5,..,89.1,92,99.6,89.3,81.7,83,114.5,91.4,101.8,81.9,83.7,89.3,90,87.7,88.1,82.5,90.6
Mar-12,92.6,88.7,80,94.5,94.7,58.5,..,89.7,91.7,100.3,89.5,82.5,82.6,118.6,91.8,98.6,81.9,83.6,89.5,89.9,87.7,88.1,82.3,90.5
Apr-12,92.7,88.7,79.8,95.4,95.2,58.5,..,90.1,91.9,102.2,90.4,82.6,83,119.1,90.9,95.6,82.1,83.7,89.6,89.9,87.7,88.1,82.4,90.3
May-12,92,88.6,79.9,95.2,95.3,58.7,..,90.3,91.8,101.9,90.1,83,84,114.8,91.8,91.3,82,84.7,89.9,90.5,87.7,88.2,82.6,90.3
Jun-12,91.5,88.9,80.7,95.8,95.1,58.8,..,89.5,91.8,100.6,91,84.4,84.9,108.9,90,91.4,81.5,85.6,90.2,91,87.8,88.1,82.8,91.3
Jul-12,91.1,88.3,80.6,97,95.2,58.7,..,89.2,91.8,98.2,90.6,85,84.2,110.2,89.5,89,80.6,84.8,90.1,90.6,88.1,88.1,82.7,90.2
Aug-12,91.2,87.9,80.4,98.1,95.2,58.7,..,89.6,91.6,97.4,90.1,86.1,83.3,113.6,89,88.3,80.4,83.7,89.8,90,88.1,88.4,82.1,90.2
Sep-12,92.2,88.4,80.1,98.1,95.2,58.6,..,89.9,91.6,97.1,90,87.4,82.5,117.5,88.1,96.1,80.1,83,89.6,90.1,88,88.3,82,92.5
Oct-12,92,88.4,80.5,96.3,95.5,58.6,..,90,91.5,97.8,90.5,85.9,83.1,115.6,88.3,95.2,80.1,83.5,89.7,90.2,88.1,88.3,82.3,92.5
Nov-12,91.7,88.6,80.4,96.4,95.5,58.6,..,89.8,91.4,98.7,90.1,85.9,83.4,112.1,88.1,95.3,80,84,89.9,90.6,88.1,88.4,82.9,93
Dec-12,91.4,88.6,79.6,97.1,95.3,58.6,..,89.9,91.5,99.5,89.9,87.2,83.3,110.7,87.9,94.9,80.2,83.5,90.1,90.2,88.1,88.4,82.7,92.3
Jan-13,91.8,88.6,80.5,96,95.1,58.6,..,90.8,91.5,99.4,89.7,89.5,83.3,113,86.8,94.3,79.8,83.7,90.4,90.5,88.2,88.9,82.9,92.4
Feb-13,93.1,89.1,80.6,96.5,95.6,60.4,..,90.6,91.6,100.7,90.2,90.4,84.1,119.6,84.9,95.5,79.8,84.3,90.5,91.2,87.9,89.5,83.3,92.5
Mar-13,92.9,89.1,80.5,96.5,95.6,60.6,..,91.2,91.7,100.5,89.8,91.1,84.9,117.9,86.4,93.2,80,84.9,90.6,91.7,88.3,89.4,83.6,92.3
Apr-13,91.9,88.7,80.7,96.7,95.7,60.6,..,91.7,91.7,100.5,90.6,91.1,84.9,113,87.1,88.3,80.1,84.6,90.6,92.3,88.4,89.8,84.6,90.5
May-13,91.8,88.5,81.8,96.7,94.9,60.5,..,91,91.7,100.9,90.8,88.4,84.8,114.4,85.6,85.8,80.3,84.5,90.8,92.3,88.3,89.9,84.8,89.5
Jun-13,92,88.6,83.1,96.8,95,60.5,..,91.8,92,100.1,90.9,86,85.7,115.3,86.8,84.7,80.7,84.9,91,92.6,88.1,90.2,84.8,89
Jul-13,92.1,88.3,83.8,96.9,95,61,..,92.1,92,98.8,90.9,83.7,86.3,117.1,87.1,82.8,80.8,85.3,90.6,92.4,88.2,90.2,84.8,88.5
Aug-13,92.5,88.6,83.7,95.7,95,61,..,92.2,92,99.3,90.5,84.3,85.7,118.1,87.4,86.5,80.6,85.5,90.6,91.5,88.1,90.5,84.8,89.7
Sep-13,92.2,88.3,82.8,95.6,94.4,61,..,92.9,91.9,99,90.4,84.1,85.1,118.1,87.4,86,80.6,85.1,90.4,91.3,88.2,90.4,85,89.8
Oct-13,91.8,88.2,82.2,94.4,95.2,61,..,92.2,91.9,98.5,90.6,84.7,85.3,115.8,87.9,85.2,80.6,85.3,90.5,91.2,88.4,90.9,85.2,89.3
Nov-13,91.9,88.4,81.8,94.3,95.3,61.1,..,92.6,91.8,99.5,91.1,84.8,85.6,115.7,88.5,84.5,80.9,85.8,90.8,91.5,88.3,91.7,85.3,89.1
Dec-13,92.6,88.7,81.9,94.4,95,61.2,..,92.7,92,101.3,91.1,84.1,86,118.1,88.8,84.7,81.1,86.7,90.8,91.6,88.3,90.7,85.4,89
Jan-14,94,89.9,82.3,94.4,95,61.3,..,91.7,92.5,104.8,91.1,85.1,86.3,120.8,91.8,87.3,81.7,88,91.3,92.7,89,91.4,85.9,90.5
Feb-14,95.1,90.8,83.9,95,95.1,64.4,..,93,92.6,107.2,91.7,85.4,86.5,123.8,92.9,88.4,81.7,88.8,91.7,92.9,89.1,91.8,86.6,91.4
Mar-14,95.6,91.3,87.2,95.8,95.3,64.4,..,93.2,92.6,105.4,92.4,85.8,86.4,123.9,93.7,89.1,82.3,89.3,91.8,93.2,89.3,91.4,86.9,92.1
Apr-14,95.4,91.1,89.6,96,95.4,64.4,..,93.2,92.6,104.3,92.9,85.6,85.7,123.7,93.6,87.5,82.2,88.6,91.7,92.8,89.4,91.5,87.7,91.2
May-14,94.8,90.7,88.9,96.3,95.5,65,..,93.3,92.5,102.5,92.9,85.9,85.3,122.1,93.8,87.2,82,87.9,91.6,92.5,89.3,91.3,87.8,91.2
Jun-14,94.9,90.8,90,95.8,95.6,65,..,93,92.6,102.8,93.2,86.2,85.4,122.2,93.7,87.1,82,87.9,91.6,92.4,89.3,92.1,87.8,91
Jul-14,94.7,91.1,92.3,94.5,95.6,64.6,..,92.5,93,103.7,93,86.3,85.3,119.2,94.2,89,82.4,87.1,91.4,92,89.2,92.4,88.2,91.5
Aug-14,94.9,91.3,91.6,94.1,95.7,65.5,..,92.9,93.1,103.3,93.2,87.2,86,118.9,94.2,89.6,82.5,88.2,91.6,92.8,89.3,92.5,88.4,91.8
Sep-14,94.6,91.3,91.2,94.3,95.7,67.2,..,93.1,93.3,103.4,93.6,87.3,85.4,116.9,93.9,87.8,82.8,88.8,91.8,93,89.2,92.5,88.6,91
Oct-14,94,91.4,91.3,93.6,95.7,67.3,..,93.4,93.3,102.2,93.6,87.3,85.9,111.6,94.7,87.6,83.1,89.8,92.1,93.5,89.5,93.1,89,90.8
Nov-14,93.7,91.5,91.2,93.7,95.7,68.6,..,93.6,93.3,100.7,93.9,87.9,85.8,108.9,95.8,86.7,83.5,90.5,92.2,93.9,89.8,93.1,89.3,90
Dec-14,92.2,91.7,91.6,94.7,95.7,68.7,..,93.5,93.3,98.8,94,87.7,86,96.3,95.1,87.1,83.5,91.5,92.7,94.3,89.7,92.5,89.5,90.7
Jan-15,92,93.1,92.3,95.1,95.8,69.8,..,94.3,93.8,97,95.4,88.2,87.8,85.6,96.3,91,84.5,94.7,93.5,96.2,89.9,92.1,89.9,93
Feb-15,93.8,94,92.2,95.9,96,69.9,..,94.9,94.1,97.5,95.7,88.6,88.2,93.2,95.7,92,85.4,97,94.2,97.2,89.7,94.1,90.8,93.5
Mar-15,94,93.9,92,96,96,70,..,95.5,94.1,97.5,95.9,88.1,88.3,94.8,94.4,91.1,85.5,97.5,94.3,97.5,89.8,92.8,90.5,93.2
Apr-15,93.2,93.5,92.4,95.4,96.2,69.9,..,94.9,93.9,97.8,95.5,87.6,87.7,91.7,93,91.1,85.3,96,94.2,96.5,90.2,92.9,90.6,92.7
May-15,93.7,93.4,94.1,95.1,96.2,69.9,..,94.8,93.9,98.2,95.4,87.5,87.3,96.2,92.8,90.5,85.3,95.3,94,96.3,90.3,93.1,90.4,92.6
Jun-15,94.2,93.7,95,95.5,96.5,69.9,..,94.7,94,99.4,95.3,88.1,87.7,98.1,91,88.8,85.5,96.5,94.1,97,90.6,92.8,90.3,92.6
Jul-15,94.9,94.6,95.1,96.6,96.7,70.1,..,95.2,94.5,101,96.1,88.7,88.8,97,92,88.1,85.8,98.6,94.6,98.3,91.1,93.8,90.6,93
Aug-15,94.5,95,95.8,96.7,96.8,71.5,..,95.3,94.6,99.1,96.4,88.8,89.7,92.4,92.6,87.5,86,100.1,95.2,99,91,93.5,91,93.6
Sep-15,94.1,95.1,95.5,96.4,96.6,71.5,..,96.2,94.7,98.2,96,89.1,89.6,88.5,92.2,88.1,86.2,100.7,95.4,99.4,91.6,93.9,92.1,93.7
Oct-15,93.7,94.7,94.8,96.1,96.8,71.4,..,96.4,94.5,98.3,95.8,88.7,88.9,87.7,89.3,88.1,86.1,99.9,95.4,100.3,91.5,94.3,92.2,93.9
Nov-15,93.4,94.4,93.7,95.7,96.8,71.4,..,96.8,94.7,97.8,96,89.3,89,87.4,88.7,84.5,86.2,101,95.5,100.5,91.7,94.2,91.8,93.3
Dec-15,93.2,94.9,92.4,96.3,96.7,71.5,..,96.9,94.8,97.8,96.7,89.6,89.5,82.5,86.7,85.4,86.6,102.7,96,101.6,91.9,93.8,92.1,93.9
Jan-16,93.6,96.4,94,97.1,97.3,73.3,..,98.7,95.5,98.4,97,90.8,91.1,76.3,85.7,88,87.7,105.5,96.6,102.8,92.1,94.5,93.3,95.5
Feb-16,92.7,95.8,95.2,96.8,97.4,73.8,..,98.4,95.6,95.8,96.7,90.4,90,73.2,84.9,89.1,87.5,103.4,96.9,101.6,92.3,95.6,94.8,95.4
Mar-16,92.1,94.6,93.9,96.3,97.6,73.8,..,98.2,95.3,95.4,96.1,89.9,88.9,77.1,83.2,88.3,86.6,100.4,96.2,99.9,92.6,95,94.1,94.8
Apr-16,91.7,93.7,93.6,96.3,97.7,73.6,..,97.5,95.3,95.5,96,89.9,88.2,78.9,83.2,86.4,86.1,98.3,95.7,98.7,92.6,93.7,94.1,94.2
May-16,92.7,94.2,92.9,97.3,97.6,76,..,97.8,95.4,96.2,96.4,89.9,88.3,84.1,84.6,87.8,86.4,98.8,95.6,99.1,92.6,93.4,93.9,95.1
Jun-16,93.5,94.5,94.4,98.6,97.7,76.1,..,97.5,95.5,95.7,96.2,90.6,88.2,87.5,86.6,88.2,86.6,98.7,95.6,99.1,92.7,94.2,94,95.5
Jul-16,93.8,95.4,93.9,98.2,97.8,76.2,..,97.8,95.6,95.9,96.3,91,89.4,84.4,88.2,93.5,88.3,99.4,95.7,99.4,92.7,93.3,94,97.2
Aug-16,93.5,95.1,92,97.7,97.8,76.2,..,97.9,95.6,95.8,95.9,91.4,89.3,83.3,89.7,93.5,89.2,99.3,95.8,99.1,92.8,92.9,93.6,97.3
Sep-16,93.8,95.4,92.2,96.7,97.3,77.7,..,98.1,95.7,96.9,96.6,92.1,89.7,84.1,88.9,93.7,89.6,99.9,96.1,99.4,92.9,94.3,93.6,97.1
Oct-16,94.6,95.6,92.2,96.5,97.5,77.7,..,98.1,95.8,98.2,96.9,92,90.3,88.3,88.9,92.4,88.8,100.6,96.3,100,93.2,94.7,93.9,96.4
Nov-16,95,96.4,91.6,97.3,97.6,77.8,..,98.4,95.9,99.2,97.2,92,91.5,86.4,88.9,95.2,89.2,101.8,96.8,100.5,93.9,95.1,94.8,96.3
Dec-16,95.2,96,90.2,97.8,97.6,77.8,..,98.4,95.9,99.5,97.2,92.2,91,91.2,88.5,93.9,89.2,101.1,96.7,100.2,93.8,94.7,94.5,95.4
Jan-17,95.9,96.4,92,97.5,98.3,79.4,..,98,96,101.2,96.9,92.2,91.1,93.6,89.7,94.8,89.2,100.6,96.7,99.9,93.7,95.4,94.6,95.8
Feb-17,96.1,96.7,93.6,97.3,98.6,79.4,..,97.3,96.4,101.5,97.1,92.5,91.2,92.9,91.9,96.6,89.6,100.2,96.6,99.6,93.6,95.4,94.6,96
Mar-17,96.9,97.7,94.3,97.3,98.8,80.2,..,97.1,96.7,102.9,97.5,94.1,92.9,92.6,93.6,98.6,90.4,101.4,97.2,100.4,93.7,94.8,95.3,96.7
Apr-17,97.4,98,94.2,97.3,98.8,80.5,..,98.3,96.7,102.2,98,95.4,93.8,94.9,92.3,99.8,90.5,101.9,97,100.7,94.4,95.1,97.5,97.3
May-17,97.6,98.6,95.9,98,98.8,81.1,..,98.2,96.7,102.8,98.7,96.1,96.4,91.6,95.3,99.1,91.2,102.3,97.3,101.1,94.6,96,97.9,97.1
Jun-17,96.5,97.9,98,97.7,98.9,83.3,..,98.1,96.6,100.8,98.2,95.6,95.9,87.9,94.6,97,91.4,100.7,97,100.3,95.1,95.6,97.4,96.1
Jul-17,95.1,96.3,97.6,97.8,98.7,83.1,..,96.8,96.4,97.4,97.1,96.7,93.7,88.2,92.4,93.4,91.7,97.7,96.4,98.3,95.1,96,97.2,94.5
Aug-17,95.4,96.3,96.3,97.7,98.8,83.1,..,96,96.8,98,96.5,97.1,94.8,90.7,89.3,96.4,91.3,97.3,95.7,98.1,95.2,96.2,96.9,94.8
Sep-17,95.1,95.3,93.2,97.4,98.7,83,..,95.7,96.3,97.2,96.3,96.8,93.2,94.8,88.8,96.1,90.8,95.4,95.3,96.8,95.2,96.4,97.2,94.4
Oct-17,96.1,96.3,92.6,97.6,98.8,84,..,96.4,96.8,99.2,96.2,96.7,94.9,96.1,90.5,98.8,91.8,96.9,95.9,98.3,95.4,96.5,97.9,94.7
Nov-17,97.6,97,93.8,97.7,98.7,84.1,..,96.9,96.8,100.4,96.5,96.3,97.8,102.1,90.3,99.9,92.1,97.5,96.4,98.8,95.9,97.1,98.7,95.1
Dec-17,97.5,97,93.6,97.4,98.8,84.1,..,97.2,97,100.7,97.5,95.8,99.4,101.4,90.8,99.2,92.1,97.5,96.6,98.7,95.9,97.3,98.5,94.5
Jan-18,98.1,97.2,94.1,97.6,98.8,86.2,..,96.7,96.9,101.4,97.1,96.8,100.4,104.7,90.4,101.1,92.6,96.6,96.4,97.8,95.8,97.7,98.3,94.8
Feb-18,98.3,97.7,93.8,97.9,98.8,87.3,..,97.6,96.9,102.2,97.6,97.9,101.7,102.7,91.7,102,93.6,97.1,96.7,98.1,95.7,98.3,98.5,95.5
Mar-18,99.2,98.5,93.4,98.8,99.1,88.1,..,97.1,97.6,102.1,97.2,99,105.9,104.7,95.1,102.7,94.1,97.7,97,99.2,96.4,98.2,100.7,96.9
Apr-18,99.8,98.5,93.3,98.9,99.2,88.6,..,97.5,97.8,101.5,97.9,101.4,105.4,109,96.7,102.4,94.7,97.5,97.1,98.8,96.8,99.1,100.5,96.7
May-18,101,99.2,93.9,99.2,99.3,90.1,..,97.8,98,101.6,98.7,105.4,106.5,113.3,99.7,102.6,96.7,97.8,97.9,99.3,96.6,99.3,101.1,97
Jun-18,101.6,100,94.7,99.3,99.3,91.7,..,97.8,97.9,102,99.2,106.7,109.4,112.9,102.2,104.3,97.6,98.5,98.5,100.3,96.5,98.6,101.4,97.6
Jul-18,101.3,99.7,95.3,98.4,99.3,92.4,..,99.2,98.2,101.1,98.9,107.1,109.8,112.8,103.1,99.2,98.8,98.9,98.9,100,96.8,99.2,102.4,97.2
Aug-18,100.8,99.2,93.3,98.6,99.2,92.4,..,98.4,98.6,102.8,98.8,104,109.3,112.3,103.4,95.1,98.9,98.8,99,99.8,97.1,99.5,103,96.5
Sep-18,101,99.2,93.1,98.7,99.9,92.4,..,97.7,99,104.3,99.4,103.9,109.1,113.1,103.8,93.5,99.9,99,99.3,99.7,97,99.5,102.5,96.2
Oct-18,101.1,99.3,94.3,98.9,99.9,92.4,..,97.2,98.7,105,99.9,100.7,107.9,113.4,103.3,94.4,98.1,98.9,99.4,99.9,97.9,99.6,102.1,96.7
Nov-18,100.2,99.5,94.1,98.6,99.9,92.5,..,98,98.8,102.8,100.6,100.8,110.1,105.7,103.4,95.3,98.6,99.5,99.6,100.7,98.3,99.2,102.3,97
Dec-18,99.5,99.9,94.1,98.9,99.9,92.5,..,98,99,101.5,101.8,101.5,110.9,97.7,104.5,96.6,99.4,100.2,99.7,101.3,98.1,98.7,102.3,97.7
Jan-19,99.1,99.8,95.2,99.1,99.7,95.1,..,97.5,99,100.1,101.3,101.6,109.6,95.7,104.2,95.6,100.3,100.1,100.1,100.8,98.2,99.4,102.1,98.2
Feb-19,99.4,99.6,94.5,98.8,99.7,95.1,..,98,99,100.7,101.1,101.1,108.7,98.7,102.9,96.8,99.7,100,100,100.4,98.7,99.5,101.3,97.9
Mar-19,100.6,100.1,95.7,98.6,99.9,95.2,..,98.1,99.2,101.8,101.4,102,108.3,105.2,102.7,97.7,100,100.5,100,100.8,98.9,100.2,101.3,98.3
Apr-19,101.5,100.4,98.7,98.5,100.4,95.7,..,98.4,99.2,101.7,101.3,101.4,109.2,109.6,102.6,97.6,100.3,100.4,99.8,101.1,99.2,100.7,101.1,98.4
May-19,101.4,100.2,99.6,98.5,100.4,95.7,..,99.4,99.2,101.2,101.5,100.1,107.1,110.4,102.1,95.2,100.3,100.8,100,101.4,100,100.4,101.2,98.5
Jun-19,99.9,99.6,99.3,98.6,100.4,95.6,..,98.7,99.2,100.1,101.6,100.5,103.6,102.8,100.7,94,100.9,100.4,99.6,100.8,100.2,100.2,101.1,98.2
Jul-19,99.6,99,97.4,98.6,100.4,95.6,..,98,99.1,98.1,100.8,101.5,103.9,104,99.3,94.6,99.8,99.7,99.4,100,100.2,100.3,100.8,98.6
Aug-19,99.8,99.7,100.1,98.6,100.5,95.6,..,98.1,99.1,98.4,101.2,101.5,104.3,101,99.4,96.6,99.6,100.3,99.6,100.5,100.1,99.6,100.7,100.1
Sep-19,99.7,99.5,96.6,98.6,100.4,96.2,..,98.4,99.1,99,101.6,100.8,102.6,101.5,99.4,98.3,99.8,100.3,99.7,100.3,100.4,99.8,100.5,100.5
Oct-19,99.7,99.4,96.3,99.2,100.6,96.2,..,98.8,99.6,99.9,101.1,100.7,100.9,102.7,97.7,97.1,100,100.3,99.8,100.1,100.8,100.7,100.5,100
Nov-19,99.8,99.4,97.4,99.1,100.2,96.3,..,99.6,99.6,99.5,101.4,100.8,101.1,102.9,96.7,97.4,98.4,100.5,99.6,100.1,100.8,100.4,100.7,100
Dec-19,100,99.7,99.5,99.4,100.1,96.7,..,99.3,99.6,100.5,101.2,100.8,100.7,103.2,96.5,97.2,99.2,100.3,99.4,100.1,100.9,100.5,100.5,100
Jan-20,100,100,100,100,100,100,..,100,100,100,100,100,100,100,100,100,100,100,100,100,100,100,100,100
Feb-20,100,100.6,99.9,100,99.2,100.1,..,100.1,99.2,99.7,99.9,105,100.6,94.1,102.9,100.2,99.3,100.4,100.9,101,102.3,100.2,99.9,102
Mar-20,98.9,101.7,101.7,100.4,100.4,100.5,..,102,100.1,99.8,101,107.5,104.7,75,106.1,98.3,99.9,101.9,102.4,101.7,101.9,100.7,100.2,101.8
Apr-20,97,101.7,107,99.6,101.4,100.8,..,101.9,100.1,95.9,101,102.3,105.4,56,106.9,98.4,100.4,102.3,103,102.5,102.8,100.4,100.4,102.3
May-20,97.9,102.2,114,100.7,101.4,100.7,..,102.4,100.2,95.4,100.5,103,105.5,59.8,104.1,100.5,99.7,102.4,102.6,102.4,101.1,99.2,100.3,102.3
Jun-20,98,101.4,108.3,100.2,101.2,100.5,..,101,100.2,94.7,99.7,106.1,104.5,69.1,101.4,101.6,99.5,101.2,102.1,101.4,100.5,99,99.7,101.3
Jul-20,99.1,101.9,101.5,100.5,100.5,100.8,..,99.7,100,94.7,100.1,118.7,101.8,74.4,100.9,108.6,99.3,101.1,101.5,101.9,102.6,97.8,99.7,100.9
Aug-20,100.1,103.1,101.7,100.1,99.7,100.7,..,99.4,99.9,96.3,100,133.1,97.7,74.3,96.7,119.1,99.3,100.3,101.3,100.8,102.6,97.5,99.5,100.4
Sep-20,100.8,104.3,102.8,102.2,100,102.4,..,99.5,100.1,97.7,99.6,149.8,95.8,70.3,97.2,119.6,99.2,100.3,101.7,100.8,102.6,98.3,99.9,101.1
Oct-20,100.9,104.3,101.9,103.9,100.1,102.4,..,99.3,100.3,98.5,99.8,145.8,97,70.7,99.6,117.6,99.9,100.3,101.6,101.1,102.6,98.6,100.2,101.4
Nov-20,100.5,103.6,100.3,104.3,100.9,102.4,..,97,100.2,98.3,98.5,133.3,96.9,73.4,101,118.6,99.7,99.9,101.3,100.3,101.3,99,101.5,101.5
Dec-20,102.1,104.7,97.6,105.7,100.4,102.3,..,96.7,100.7,99.6,99.7,146.2,95.6,80,103.1,122.2,100.7,99.6,101.5,101.5,101.1,98.6,101.6,101.4
Jan-21,104.3,106.4,99.2,106.8,100.9,103,..,99.4,100.8,102.5,100.4,158.2,97.5,86.2,108.6,124.6,102.8,99.5,101.2,100.2,100.5,99.5,102.3,101.6
Feb-21,107.4,108.8,102.8,108.6,101.9,103,..,98.4,100.9,106.9,100.3,165.6,100,94.9,113.6,128.8,107.4,99.5,103.4,101.7,101.5,99.8,103.8,102.5
Mar-21,109.2,110.4,104,110.3,102.2,F,..,99.2,101.2,110.2,99,177.8,100.6,99.3,120.2,127.1,108.2,99.1,103.1,102.7,104.3,99.8,106.4,102.7
Apr-21,111.5,112.9,108.3,112.3,102.3,F,..,100.9,102.1,111.7,102,195.9,104.2,99.8,126.5,128,111.8,99.3,102.1,104,105.5,100.9,109.4,103.5
May-21,114.8,115.9,112.4,114.3,100.8,105.3,..,100,103,113.9,103.4,230.5,104.2,105.1,135,132.5,115.7,98.5,101.7,103,103.2,102.2,111.1,103.9
Jun-21,115,116,115.2,112.6,101.9,105.4,..,101.5,102.9,114.6,104.8,215,105.5,106.1,142.7,131.5,116.5,98.9,101.9,105.5,103.5,103.2,111.9,104.9
Jul-21,115,115.6,110.3,114.1,101.3,105.8,..,103.5,103.9,119,107.4,172.2,107.3,109.4,153.5,133.6,122.5,99.7,102.7,107.1,108.6,103.6,114.3,107.1
Aug-21,114.6,115.3,114.3,114.1,100.7,107.1,..,105.5,102.8,120.2,108.5,139.5,108.5,109.3,165.5,133,124.2,100.2,102.9,107,107.4,104,118.1,108
Sep-21,116,116.3,113.4,114.7,100.5,107.2,..,106.1,102.8,121.2,111.8,138.3,108,113.3,172.4,135.2,127.3,101,103.4,107,106.9,104.3,119.6,108.7
Oct-21,117.6,117.1,109,115.1,101.5,106.9,..,106.4,103.1,125.4,112.3,140.6,105.9,121.8,173.7,137.8,132.4,100.9,104.2,110.9,108.7,104.9,119.2,107.7
Nov-21,117.6,117.3,107.2,116.6,101.5,107,..,107,103.1,127.4,111.6,140.5,105.9,120.5,168,139.3,132.4,101.3,104.6,112.4,111.6,104,117.9,108.8
Dec-21,118.2,118.6,106.3,117.5,101.6,107.3,..,108,103.3,125.5,115.1,163.2,106.4,114.9,168.7,137.3,132.8,101.8,105.5,113.6,110,105.4,118.3,109.5
Jan-22,121.3,120.7,107.3,120.3,103.1,109,..,112.2,107.4,128,116.2,182,107.6,126.4,161.2,141.4,138.7,102,107.1,114.1,110.1,107,119.3,110.6
Feb-22,124.6,123.2,110.6,123.3,105.2,109.1,..,114.1,107.2,129,120.4,193.1,109.4,137,158.1,149.4,137.1,103,108,119.2,111.4,109.5,120.1,110.7
Mar-22,129,125.3,110.1,126.6,105.3,109,..,114.3,108,131.2,118.8,207.6,111.5,161,150.1,162,141.6,103.1,107.9,118,112,109.8,122.9,110.9
Apr-22,130.5,125.9,112.6,128.9,107.8,109.5,..,115.1,105.5,133.4,118.6,193.1,113.7,170.5,155.7,160.3,142.9,103.9,108.6,121.1,111.9,110,124.4,111.2
May-22,132.7,126.1,114.2,131.3,108.3,109.9,..,117.2,106.7,135.8,117.6,186.9,117.9,189.3,168.8,147.4,142.6,104.8,109.8,120.5,113.2,110.3,125.2,112.4
Jun-22,131.6,124.2,114.4,130.8,107.8,109.8,..,118.8,106.5,137.1,119.6,152.2,119.3,195.1,170.6,140.5,144.8,104.9,110.1,120.9,115.7,110.4,125.9,112.4
Jul-22,128.4,123.1,114.2,131.5,108.2,110,..,120.8,107.5,135.7,120.9,154.4,121.5,174.1,159.4,127.8,144.5,105.7,111,122.6,115,113,127,112.5
Aug-22,126.5,122.5,113.8,133.7,112.6,110,..,121.8,107.6,128.4,123.2,151.3,121.6,161.3,150.6,130.4,144,105.6,111.9,122.5,115.5,115.5,127.4,112.4
Sep-22,126.3,123,113.7,134.3,111.9,110.5,..,122,107.3,130.5,125.3,142.7,125.1,155.1,149.4,130.1,143.8,107.7,113.3,124.4,115.4,115.9,126.5,112.5
Oct-22,129.2,124,113.9,135.1,112.7,113.1,..,125.9,105.8,130.9,126.4,142.1,128.3,174.2,148.1,132.6,143.6,109.4,115.3,125.8,115.8,116,125.2,112.8
Nov-22,128.2,123.7,113.7,136.3,114.9,113.1,..,125.2,107.1,129,127.1,138.2,126.6,167.8,143.9,137.7,142.9,108.9,114.4,124.2,116.6,115.7,124.8,112.7
Dec-22,127.1,124.4,113.1,135.1,114.2,113.2,..,126.4,106.9,129.5,127.4,132.5,127.1,150.9,140.7,147.7,143.9,109.9,115.2,124,117.3,115.9,124.6,113.4
Jan-23,127.1,124.3,112.8,136.2,116.5,115.7,..,124.8,109.7,127.1,126.1,126.1,124.9,151.4,137.8,150.8,143.3,110.4,114.9,126.7,117.6,121.4,128,113.4
Feb-23,126.4,124.4,114.1,135.4,117.4,115.7,..,124.7,110.9,126.6,127.4,129,124.2,143.4,140.3,146.8,142.5,110.3,116,127,119.2,122.1,129.1,113.5
Mar-23,126.2,124.8,115.4,135.8,118,117.7,..,124.1,112.3,124.7,128.2,126,127,138.6,145.8,146,139.5,111.2,117.1,126.6,117.6,123.8,130.2,115.3
Apr-23,125.9,124.9,116.8,135.4,118.9,120.2,..,122.6,113.3,124.4,127.2,122.2,123.3,134.8,149.4,148.7,139.9,110.7,117.1,129,115.7,125.5,130.7,114.3
May-23,125.2,124.9,119.4,133.1,119.5,121.7,..,121.1,112.1,124,126.5,123,119.4,127.7,153.4,144.4,140.3,111.2,117.9,131.9,115.8,126.4,130.8,114.6
Jun-23,124.3,123.7,120.4,133.3,119.6,121.6,..,120.4,112.1,121.5,126.4,121.9,115.6,130,154.9,138.8,139,110.7,117.1,126.8,115.6,125.9,130.7,114
Jul-23,124.3,123.1,118.1,134.5,119.4,123.7,..,119.5,116.3,117,126.6,128.4,113.2,134.4,148.1,137.8,140.7,110.8,116.8,128,114,125.8,130.5,114.6
Aug-23,126.5,124,119,135.6,119.3,123.7,..,121.5,116.5,121.3,127.7,126.8,115.1,148.3,147.2,137,141.9,111.7,117.4,129.1,113.4,126.6,131.2,115.3
Sep-23,127,123.9,117.8,135.3,118.9,123.7,..,122.1,117.1,122.5,126.8,126.4,115.5,153.9,144.9,136.2,141.2,112.3,117.1,130,111,127.5,131.3,115.5
Oct-23,125.7,123.5,118.5,134.2,119.3,123.7,..,120.1,117,123.2,127.1,122.5,117.2,145.1,143.4,134.6,141.1,112.3,118,127.7,111.3,127.2,131.3,115.6
,,,,,,,,,,,,,,,,,,,,,,,,
Symbol legend:,,,,,,,,,,,,,,,,,,,,,,,,
.., not available for a specific reference period,,,,,,,,,,,,,,,,,,,,,,,
F, too unreliable to be published,,,,,,,,,,,,,,,,,,,,,,,
,,,,,,,,,,,,,,,,,,,,,,,,
,,,,,,,,,,,,,,,,,,,,,,,,
,,,,,,,,,,,,,,,,,,,,,,,,
,,,,,,,,,,,,,,,,,,,,,,,,
Footnotes:,,,,,,,,,,,,,,,,,,,,,,,,
1,This monthly table replaces table 18-10-0029 which has been archived. This table contains monthly data starting from January 1956.,,,,,,,,,,,,,,,,,,,,,,,
,,,,,,,,,,,,,,,,,,,,,,,,
,,,,,,,,,,,,,,,,,,,,,,,,
,,,,,,,,,,,,,,,,,,,,,,,,
"How to cite: Statistics Canada. Table 18-10-0265-01  Industrial product price index, by major product group, monthly",,,,,,,,,,,,,,,,,,,,,,,,
https://www150.statcan.gc.ca/t1/tbl1/en/tv.action?pid=1810026501,,,,,,,,,,,,,,,,,,,,,,,,
