Date,All industries  [T001] 4,Goods-producing industries  [T002] 4,Service-producing industries  [T003] 4,Business sector industries  [T004],Non-business sector industries  [T007],Industrial production  [T010] 4,Non-durable manufacturing industries  [T011] 4,Durable manufacturing industries  [T012] 4,Information and communication technology sector  [T013] 4,Energy sector  [T016] 4,Industrial production (1950 definition)  [T017] 4,Public Sector  [T018] 4,Content and media sector  [T019] 4,All industries (except cannabis sector)  [T020] 4,Cannabis sector  [T021] 4,All industries (except unlicensed cannabis sector)  [T024] 4,"Agriculture, forestry, fishing and hunting  [11]","Mining, quarrying, and oil and gas extraction  [21]",Utilities  [22],Construction  [23],Manufacturing  [31-33],Wholesale trade  [41],Retail trade  [44-45],Transportation and warehousing  [48-49],Information and cultural industries  [51],Finance and insurance  [52],Real estate and rental and leasing  [53],"Professional, scientific and technical services  [54]",Management of companies and enterprises  [55],"Administrative and support, waste management and remediation services  [56]",Educational services  [61],Health care and social assistance  [62],"Arts, entertainment and recreation  [71]",Accommodation and food services  [72],Other services (except public administration)  [81],Public administration  [91]
2005-01-01,"1,514,960","505,587","1,007,541",..,..,"371,286","97,838","116,223",..,"146,580",..,..,..,"1,511,679","3,224","1,511,680","32,211","118,951","36,003","103,056","214,316","73,613","72,611","64,273","50,086","86,875","167,404","79,148",..,"42,537","79,169","105,162","13,006","32,801","31,501","99,683"
2005-02-01,"1,516,009","501,996","1,012,336",..,..,"367,895","97,970","115,269",..,"144,034",..,..,..,"1,512,741","3,229","1,512,770","31,793","117,434","35,151","103,445","213,436","74,106","73,968","64,478","50,055","87,438","168,156","79,136",..,"42,598","79,243","105,313","12,923","33,547","31,611","99,938"
2005-03-01,"1,510,876","498,704","1,010,618",..,..,"364,323","97,605","114,223",..,"142,224",..,..,..,"1,507,679","3,238","1,507,709","31,998","114,737","35,808","103,793","211,995","73,512","73,301","64,463","50,165","87,240","168,854","79,555",..,"42,760","78,684","105,644","12,722","32,940","31,559","99,771"
2005-04-01,"1,522,079","504,806","1,015,710",..,..,"369,506","97,457","115,746",..,"145,781",..,..,..,"1,518,904","3,258","1,518,933","31,966","118,528","35,637","104,631","213,478","74,737","72,928","64,805","50,326","87,625","169,699","79,880",..,"43,046","79,631","105,942","12,974","32,905","31,858","99,986"
2005-05-01,"1,528,603","508,849","1,018,180",..,..,"372,213","96,990","116,630",..,"148,306",..,..,..,"1,525,445","3,269","1,525,475","32,791","120,502","35,812","105,219","213,989","74,243","73,281","65,363","50,580","88,201","170,267","80,402",..,"43,205","79,667","106,095","12,968","32,731","31,872","99,946"
2005-06-01,"1,533,199","507,122","1,024,604",..,..,"370,670","96,516","116,230",..,"147,338",..,..,..,"1,530,077","3,280","1,530,092","33,081","119,141","36,513","104,826","213,127","75,578","74,309","65,420","50,599","88,945","170,932","80,887",..,"43,421","79,737","106,317","13,414","33,135","32,028","100,347"
2005-07-01,"1,537,159","509,288","1,026,396",..,..,"371,819","96,629","115,947",..,"147,637",..,..,..,"1,534,043","3,294","1,534,058","33,426","120,552","36,395","105,626","212,935","74,074","74,496","66,159","50,876","88,838","171,543","81,623",..,"43,602","79,933","106,607","13,569","33,220","32,040","100,539"
2005-08-01,"1,542,983","510,467","1,031,032",..,..,"373,079","97,143","116,588",..,"148,891",..,..,..,"1,539,871","3,320","1,539,870","33,546","120,625","36,425","105,379","214,101","75,445","74,121","66,484","51,213","89,527","172,174","81,925",..,"43,814","80,278","106,987","13,597","33,231","32,048","100,940"
2005-09-01,"1,544,269","511,423","1,031,342",..,..,"374,251","97,146","115,880",..,"150,627",..,..,..,"1,541,154","3,336","1,541,154","33,567","122,460","36,410","105,059","213,349","76,343","72,703","66,720","51,224","89,519","172,480","82,007",..,"44,149","80,413","107,247","13,384","32,699","32,102","101,475"
2005-10-01,"1,549,474","511,236","1,036,707",..,..,"374,045","97,052","116,061",..,"150,960",..,..,..,"1,546,334","3,353","1,546,302","33,107","122,623","35,923","105,597","213,462","77,824","74,053","67,004","51,359","90,188","172,831","82,348",..,"44,151","79,357","107,619","13,587","32,747","32,186","102,204"
2005-11-01,"1,557,964","514,812","1,041,537",..,..,"377,459","97,027","116,614",..,"153,338",..,..,..,"1,554,791","3,384","1,554,744","32,529","125,095","36,173","106,204","214,023","77,341","74,957","66,941","51,623","91,060","173,334","82,833",..,"44,229","80,795","107,807","13,463","33,085","32,309","102,661"
2005-12-01,"1,566,198","519,393","1,045,090",..,..,"381,300","97,568","117,752",..,"155,265",..,..,..,"1,562,993","3,404","1,562,930","32,517","127,213","36,099","106,900","215,744","77,443","75,952","67,357","51,757","91,812","173,546","83,301",..,"44,188","80,777","107,646","13,488","32,969","32,431","103,214"
2006-01-01,"1,570,036","517,548","1,050,705",..,..,"379,523","98,029","119,682",..,"150,631",..,..,..,"1,566,775","3,425","1,566,682","32,856","124,499","34,742","106,908","218,222","78,228","76,262","67,237","52,361","93,026","174,430","83,960",..,"44,110","80,867","107,756","13,217","33,648","32,473","103,672"
2006-02-01,"1,573,552","517,689","1,054,114",..,..,"378,173","97,100","118,829",..,"151,657",..,..,..,"1,570,253","3,445","1,570,159","33,232","123,893","35,671","108,254","216,451","78,501","77,401","67,257","52,409","93,743","174,654","84,335",..,"44,130","81,003","107,875","13,026","33,337","32,610","104,169"
2006-03-01,"1,577,153","517,732","1,057,676",..,..,"377,963","96,663","118,562",..,"152,211",..,..,..,"1,573,784","3,478","1,573,721","33,032","124,426","35,537","108,720","215,763","79,192","77,801","67,708","52,462","94,155","174,804","84,707",..,"44,117","81,007","107,939","13,393","33,257","32,743","104,476"
2006-04-01,"1,577,442","515,055","1,060,675",..,..,"375,280","96,122","116,516",..,"151,241",..,..,..,"1,574,010","3,495","1,573,978","32,950","124,552","35,308","108,907","213,102","79,360","78,239","67,662","52,569","95,158","174,638","84,789",..,"44,201","81,110","108,037","13,719","33,146","32,871","105,146"
2006-05-01,"1,578,059","514,176","1,062,185",..,..,"374,727","94,665","115,113",..,"153,520",..,..,..,"1,574,579","3,511","1,574,579","32,913","126,024","35,945","108,632","210,260","79,841","78,083","67,432","52,694","95,332","174,607","84,954",..,"44,273","81,253","108,050","13,402","33,362","32,842","106,041"
2006-06-01,"1,575,416","511,083","1,062,668",..,..,"371,935","93,546","115,420",..,"152,048",..,..,..,"1,571,909","3,539","1,571,925","32,978","124,222","35,727","108,357","209,536","78,967","78,449","67,296","52,915","95,561","174,635","85,136",..,"44,408","81,300","108,324","13,424","33,064","32,911","106,090"
2006-07-01,"1,578,273","511,704","1,064,900",..,..,"372,560","94,079","114,962",..,"152,802",..,..,..,"1,574,729","3,553","1,574,760","32,438","123,847","36,673","108,808","209,560","78,760","79,110","67,272","53,123","96,473","175,153","85,326",..,"44,561","81,447","108,570","13,062","32,775","32,941","106,027"
2006-08-01,"1,579,408","510,860","1,066,916",..,..,"371,637","94,526","113,703",..,"152,620",..,..,..,"1,575,846","3,567","1,575,878","31,873","124,530","35,924","109,422","208,662","79,677","78,622","67,114","53,330","96,835","175,759","85,580",..,"44,769","81,558","108,844","13,116","32,566","32,907","105,740"
2006-09-01,"1,577,137","506,571","1,069,001",..,..,"367,003","93,556","111,415",..,"151,436",..,..,..,"1,573,564","3,590","1,573,611","31,934","123,453","35,667","109,929","205,350","78,442","79,030","67,297","53,033","97,747","176,407","85,972",..,"44,953","81,872","109,127","13,118","32,833","32,861","105,619"
2006-10-01,"1,579,661","507,168","1,070,946",..,..,"367,884","92,390","111,179",..,"151,926",..,..,..,"1,576,098","3,602","1,576,145","31,316","125,014","36,204","110,146","204,012","78,166","78,707","66,852","53,091","98,263","176,880","86,383",..,"45,118","82,373","109,574","13,135","33,158","32,871","105,642"
2006-11-01,"1,583,186","506,762","1,074,931",..,..,"366,710","92,165","111,448",..,"149,799",..,..,..,"1,579,615","3,610","1,579,679","31,370","124,919","35,081","110,988","204,094","78,496","78,552","67,423","53,028","98,966","177,291","86,915",..,"45,417","82,840","109,924","13,303","33,203","32,702","105,884"
2006-12-01,"1,593,220","509,807","1,081,953",..,..,"368,857","92,318","114,612",..,"148,767",..,..,..,"1,589,643","3,631","1,589,706","31,391","123,025","35,788","111,882","207,577","81,127","80,123","68,083","52,717","98,363","178,471","86,901",..,"45,516","83,110","110,139","13,326","33,343","32,796","106,125"
2007-01-01,"1,589,916","509,265","1,079,052","1,308,932","278,651","367,910","91,092","113,587","67,779","149,778","363,440","299,793","14,535","1,586,362","3,636","1,586,410","31,238","123,965","36,009","112,626","205,344","79,833","79,442","67,589","52,614","98,516","179,154","87,270","10,378","45,819","83,193","110,302","13,285","33,202","32,764","106,382"
2007-02-01,"1,597,824","513,129","1,083,082","1,316,775","279,123","371,432","91,488","114,255","68,303","152,102","367,184","300,123","14,685","1,594,254","3,642","1,594,350","31,039","125,203","37,168","113,100","206,427","82,935","79,462","67,261","52,566","98,885","179,594","87,081","10,480","45,930","83,491","110,285","13,201","32,907","32,755","106,399"
2007-03-01,"1,601,283","513,656","1,085,992","1,319,705","280,011","371,756","90,139","115,290","67,663","151,863","367,727","300,875","14,674","1,597,720","3,659","1,597,785","30,442","125,673","37,104","113,832","206,309","83,097","79,697","67,700","52,347","98,636","179,780","87,362","10,595","46,220","83,867","110,479","13,265","33,534","32,794","106,553"
2007-04-01,"1,603,425","511,654","1,090,137","1,321,244","280,940","369,831","91,469","114,682","68,148","150,717","365,967","301,943","14,735","1,599,841","3,662","1,599,890","29,844","122,505","37,914","114,376","206,881","83,103","80,904","68,023","52,499","98,899","180,384","87,870","10,603","46,487","84,231","110,806","13,180","33,076","32,860","106,911"
2007-05-01,"1,610,464","513,323","1,095,507","1,327,568","281,865","370,452","90,942","113,511","67,702","151,420","366,727","302,952","14,674","1,606,865","3,664","1,606,897","29,647","124,544","38,048","115,667","205,141","83,654","81,407","68,470","52,475","99,601","181,061","88,660","10,609","46,694","84,717","111,097","13,148","33,341","32,908","107,122"
2007-06-01,"1,615,014","514,379","1,099,010","1,331,815","282,370","371,348","92,445","112,690","68,453","152,057","367,739","303,463","14,778","1,611,405","3,679","1,611,405","29,477","124,995","37,944","115,995","205,646","83,805","81,166","68,259","52,717","100,193","181,843","89,331","10,664","46,941","85,017","111,143","13,497","33,544","32,930","107,265"
2007-07-01,"1,614,681","510,863","1,102,234","1,330,967","283,036","367,384","92,123","111,148","69,116","150,332","363,854","304,253","14,846","1,611,056","3,680","1,611,042","29,960","123,033","37,874","116,247","203,696","83,072","81,286","68,676","52,754","101,176","182,260","89,551","10,729","47,157","85,317","111,387","13,497","33,946","33,114","107,501"
2007-08-01,"1,619,358","514,287","1,103,444","1,335,115","283,617","369,719","92,014","110,687","68,432","152,321","366,231","304,771","14,801","1,615,707","3,679","1,615,660","30,737","125,569","38,063","116,723","203,104","82,487","82,320","68,813","52,673","101,360","182,420","89,460","10,791","47,350","85,658","111,537","13,461","33,581","33,093","107,512"
2007-09-01,"1,616,522","512,102","1,102,807","1,331,728","284,256","367,841","90,837","111,226","68,361","150,942","364,388","305,398","14,660","1,612,861","3,690","1,612,797","30,377","124,428","37,823","116,781","202,600","82,543","81,520","68,587","52,470","100,667","182,613","89,483","10,820","47,342","85,951","111,740","13,687","33,814","33,088","107,632"
2007-10-01,"1,617,956","508,916","1,107,499","1,332,368","285,058","365,430","91,098","110,919","68,402","149,126","361,955","306,174","14,776","1,614,261","3,690","1,614,213","30,594","121,777","38,213","115,912","202,509","83,181","81,890","68,650","52,762","101,174","183,263","90,115","10,939","47,475","86,236","112,082","13,601","34,115","33,316","107,776"
2007-11-01,"1,619,351","508,345","1,109,504","1,333,111","285,657","364,433","91,243","110,453","68,672","148,325","360,916","306,743","14,715","1,615,635","3,686","1,615,587","31,046","120,661","38,679","116,047","202,141","82,497","83,014","68,411","52,925","100,859","184,092","90,614","11,043","47,495","86,431","112,355","13,535","34,058","33,424","107,878"
2007-12-01,"1,613,074","503,130","1,108,549","1,325,990","286,496","358,160","90,675","105,936","68,388","146,172","354,561","307,430","14,642","1,609,373","3,683","1,609,326","31,000","119,550","38,689","117,434","196,772","81,618","84,358","67,794","52,938","99,974","184,525","90,674","11,109","47,231","86,634","112,506","13,202","33,589","33,410","108,213"
2008-01-01,"1,619,678","505,668","1,112,463","1,330,922","287,972","359,342","89,546","106,392","69,405","147,896","355,639","308,687","14,560","1,615,977","3,691","1,615,930","30,845","121,234","38,813","118,962","196,215","82,618","84,804","67,652","52,951","100,159","185,173","90,759","11,238","47,063","87,009","112,653","13,386","33,727","33,615","108,966"
2008-02-01,"1,616,737","505,702","1,109,636","1,327,270","288,817","358,661","89,227","107,240","69,219","146,365","354,873","309,515","14,645","1,613,061","3,688","1,613,045","31,502","119,650","39,584","119,182","196,824","81,557","84,081","67,646","53,086","98,895","185,079","91,070","11,350","46,921","87,228","112,561","13,259","33,181","33,657","109,675"
2008-03-01,"1,619,632","505,593","1,112,941","1,329,382","289,662","358,425","87,917","105,243","69,375","148,332","354,566","310,218","14,595","1,615,997","3,700","1,615,982","32,081","121,653","39,767","118,819","193,480","82,410","84,219","67,644","52,996","99,679","185,306","91,276","11,473","46,815","87,420","112,762","13,209","33,568","33,764","109,993"
2008-04-01,"1,623,011","506,962","1,115,090","1,331,668","290,830","360,461","89,803","106,112","69,360","147,919","356,539","311,427","14,626","1,619,401","3,700","1,619,401","32,573","121,278","39,936","117,573","196,153","82,128","84,508","67,767","52,968","99,674","185,628","91,600","11,545","46,584","87,680","113,119","13,388","33,713","33,891","110,597"
2008-05-01,"1,622,950","505,964","1,116,183","1,330,761","291,749","358,298","89,574","107,275","69,816","145,087","354,306","312,389","14,664","1,619,356","3,702","1,619,341","32,314","118,910","39,746","119,122","197,185","82,581","84,452","67,972","52,994","98,405","185,912","91,914","11,622","46,465","87,934","113,304","13,603","33,851","33,940","111,118"
2008-06-01,"1,626,157","507,135","1,118,195","1,333,138","292,554","359,729","89,420","106,270","69,750","146,882","355,695","313,219","14,740","1,622,556","3,719","1,622,541","32,520","120,976","39,662","118,573","195,970","83,168","84,771","68,180","53,022","98,054","186,326","92,209","11,677","46,263","88,025","113,607","13,436","33,899","33,955","111,562"
2008-07-01,"1,633,235","512,569","1,119,530","1,339,064","293,642","364,501","89,867","106,598","69,397","150,834","360,413","314,332","14,749","1,629,601","3,726","1,629,602","33,115","124,335","39,602","118,538","196,741","83,502","84,407","68,390","52,999","97,994","186,639","92,202","11,707","46,133","88,311","113,786","13,500","33,707","34,042","112,215"
2008-08-01,"1,631,956","508,567","1,122,393","1,336,631","294,810","360,585","87,887","105,186","69,757","149,932","356,457","315,620","15,109","1,628,277","3,746","1,628,294","33,356","123,382","39,740","118,386","193,416","83,083","84,528","68,069","53,450","97,498","187,222","93,071","11,839","46,234","88,674","114,298","13,528","34,197","34,231","112,629"
2008-09-01,"1,632,320","506,034","1,125,334","1,336,198","295,559","357,479","88,283","104,676","70,521","148,575","353,309","316,611","15,030","1,628,591","3,756","1,628,608","33,463","121,099","39,571","118,991","193,253","82,900","85,196","68,136","53,448","98,123","187,955","93,258","11,904","46,118","88,700","114,599","13,472","34,066","34,316","113,297"
2008-10-01,"1,630,551","505,597","1,123,714","1,333,459","296,497","356,075","87,663","102,559","69,681","150,327","351,898","317,532","14,931","1,626,761","3,780","1,626,778","33,786","122,198","39,227","119,758","190,432","81,936","84,352","68,136","53,188","99,489","186,622","92,729","12,061","45,957","88,742","114,936","13,557","33,932","34,346","113,844"
2008-11-01,"1,614,127","497,670","1,115,133","1,316,594","297,036","350,149","86,376","100,653","69,176","148,772","345,973","318,025","14,863","1,610,295","3,792","1,610,311","33,396","120,040","38,718","118,150","187,226","79,762","82,548","67,791","52,845","97,191","185,802","91,942","12,158","45,580","88,599","114,941","13,529","34,285","34,098","114,474"
2008-12-01,"1,591,987","482,123","1,108,934","1,293,877","297,855","337,908","84,412","94,582","69,001","144,840","333,731","319,005","14,790","1,588,097","3,820","1,588,129","32,776","116,005","38,638","115,635","178,949","77,308","80,420","66,540","52,581","97,273","185,892","91,500","12,283","45,251","88,732","115,347","13,532","33,870","34,001","114,920"
2009-01-01,"1,584,341","474,821","1,110,546","1,285,952","298,565","334,795","83,913","89,036","68,932","146,212","330,602","320,077","15,031","1,580,344","3,849","1,580,392","32,856","119,423","38,752","111,861","172,558","75,887","81,858","65,665","53,172","97,119","185,659","91,521","12,286","45,534","88,722","115,827","13,658","34,684","34,135","115,509"
2009-02-01,"1,576,119","466,233","1,110,452","1,276,755","299,520","327,896","83,123","87,981","68,999","145,481","323,701","321,155","14,913","1,572,157","3,865","1,572,189","32,602","115,122","37,845","110,437","170,725","75,513","81,711","65,489","52,867","97,064","186,520","91,228","12,097","45,142","89,050","116,040","13,622","34,563","34,173","116,040"
2009-03-01,"1,563,343","455,445","1,108,026","1,263,563","299,965","319,130","82,257","86,331","68,381","139,475","314,926","321,635","14,954","1,559,413","3,879","1,559,460","31,875","108,572","37,804","109,072","168,195","74,896","81,485","64,667","52,653","97,469","187,160","90,152","11,999","44,749","88,973","116,104","13,574","34,286","33,928","116,546"
2009-04-01,"1,558,296","447,749","1,110,280","1,257,897","300,599","312,587","80,148","85,729","67,928","137,084","308,378","322,294","14,828","1,554,378","3,905","1,554,410","31,306","105,094","37,282","108,412","165,576","74,841","81,468","65,086","52,412","97,780","188,965","90,012","11,921","44,398","89,053","116,236","13,745","34,145","33,790","116,993"
2009-05-01,"1,556,689","445,639","1,110,623","1,255,639","301,263","310,526","81,203","82,774","67,764","138,051","306,318","322,969","14,745","1,552,792","3,917","1,552,808","30,160","105,609","36,992","109,201","163,496","75,264","81,846","64,348","52,227","97,385","190,674","89,706","11,812","44,183","89,071","116,430","13,463","33,652","33,541","117,465"
2009-06-01,"1,558,532","445,030","1,112,945","1,257,071","301,677","309,785","80,599","81,925","67,367","140,268","305,566","323,539","14,669","1,554,631","3,941","1,554,632","30,129","106,509","36,968","109,358","162,048","75,442","82,007","64,951","52,192","97,451","192,002","89,573","11,715","43,977","89,159","116,660","13,265","33,650","33,571","117,718"
2009-07-01,"1,561,083","445,140","1,115,284","1,259,285","302,011","309,412","80,565","83,255","67,550","139,106","305,203","323,716","14,613","1,557,175","3,951","1,557,175","30,330","105,211","36,431","109,659","163,408","76,244","82,131","65,456","52,064","97,560","192,745","89,313","11,632","43,796","89,319","116,793","13,265","34,042","33,631","117,598"
2009-08-01,"1,560,446","445,037","1,114,681","1,257,255","303,378","308,626","79,627","84,770","67,928","135,833","304,426","325,028","14,458","1,556,539","3,962","1,556,525","30,002","103,136","36,845","110,555","164,107","76,484","82,172","64,738","51,813","96,869","192,867","89,110","11,494","43,564","89,467","116,746","13,201","34,124","33,513","118,819"
2009-09-01,"1,572,192","452,789","1,118,796","1,268,217","304,154","314,758","80,881","85,507","67,515","138,822","310,544","325,817","14,520","1,568,256","3,983","1,568,242","30,418","107,004","37,326","111,795","166,067","76,517","82,656","65,642","52,015","97,999","193,346","88,790","11,435","43,722","89,700","116,854","13,273","34,353","33,511","119,267"
2009-10-01,"1,573,879","453,865","1,119,396","1,269,470","304,555","314,671","80,664","84,960","68,373","139,511","310,444","326,204","14,506","1,569,924","3,991","1,569,893","30,531","106,990","38,018","112,847","165,293","76,872","82,559","65,843","52,175","97,608","194,428","88,704","11,412","43,784","89,952","116,593","13,134","33,562","33,316","119,670"
2009-11-01,"1,583,102","460,238","1,122,416","1,278,184","305,052","318,464","82,211","86,059","68,681","141,612","314,245","326,765","14,520","1,579,122","3,996","1,579,091","30,887","108,459","37,727","115,036","167,905","78,281","81,221","66,004","52,333","98,374","194,875","88,948","11,347","43,880","90,155","116,731","13,186","33,913","33,421","119,886"
2009-12-01,"1,587,706","459,881","1,127,300","1,282,211","305,589","317,142","81,669","85,801","68,708","141,087","312,902","327,342","14,463","1,583,715","4,003","1,583,669","30,725","107,212","38,297","116,131","167,119","79,754","82,574","66,443","52,517","97,984","195,985","88,634","11,358","44,104","90,394","116,890","13,139","34,059","33,439","120,060"
2010-01-01,"1,597,519","466,650","1,130,724","1,291,435","306,194","321,765","82,343","86,822","69,244","140,474","317,519","328,007","14,415","1,593,503","4,007","1,593,425","30,917","110,658","38,299","118,155","168,851","80,761","83,816","66,649","52,693","97,650","196,240","88,857","11,273","44,192","90,536","117,131","13,082","34,079","33,423","120,351"
2010-02-01,"1,605,865","473,166","1,132,641","1,299,603","306,350","327,434","83,273","88,118","69,455","142,929","323,164","328,165","14,523","1,601,846","4,024","1,601,750","31,188","114,089","38,215","118,730","171,080","80,248","83,846","67,228","53,014","97,196","196,345","88,850","11,242","44,513","90,600","117,315","13,860","34,929","33,300","120,257"
2010-03-01,"1,613,597","477,362","1,136,221","1,307,139","306,559","331,162","84,466","89,603","69,752","143,248","326,872","328,427","14,258","1,609,574","4,028","1,609,510","31,143","115,602","37,685","119,200","173,755","80,889","85,589","67,809","53,040","98,138","196,690","89,204","11,316","44,675","90,760","117,613","13,052","34,189","33,301","120,058"
2010-04-01,"1,611,635","476,489","1,135,141","1,304,747","307,008","329,771","83,291","90,476","69,619","142,520","325,455","328,880","14,070","1,607,600","4,031","1,607,568","31,278","115,052","37,001","119,685","173,535","80,841","83,638","67,418","53,029","98,578","197,572","89,328","11,211","44,797","90,738","117,805","12,788","33,882","33,274","120,341"
2010-05-01,"1,618,686","483,422","1,135,363","1,311,245","307,589","336,921","84,012","90,654","69,748","147,903","332,575","329,477","14,043","1,614,650","4,048","1,614,650","31,258","120,856","37,348","119,406","174,400","80,886","83,327","67,620","53,030","99,501","196,718","89,105","11,173","44,818","91,026","117,856","12,801","33,845","33,175","120,601"
2010-06-01,"1,622,883","486,112","1,136,888","1,314,967","308,079","338,959","84,229","92,663","70,368","148,090","334,591","330,059","14,014","1,618,836","4,049","1,618,853","31,280","120,104","37,823","120,033","176,689","81,594","83,907","67,914","53,242","98,792","196,317","89,253","11,170","44,977","91,130","117,988","12,931","33,786","33,145","120,946"
2010-07-01,"1,625,143","486,306","1,138,959","1,316,678","308,626","338,801","83,802","93,012","71,236","147,540","334,379","330,900","13,978","1,621,090","4,065","1,621,124","31,554","119,871","37,874","120,249","176,632","80,713","84,132","68,393","53,561","99,464","196,130","89,908","11,261","45,297","91,294","118,235","12,894","33,482","33,067","121,382"
2010-08-01,"1,630,031","486,481","1,143,643","1,321,186","309,009","338,304","82,873","93,747","71,169","146,323","333,843","331,294","13,880","1,625,950","4,081","1,625,999","31,463","119,437","37,886","121,034","176,502","82,297","84,519","68,393","53,535","100,352","197,109","89,782","11,324","45,299","91,307","118,295","12,954","33,815","33,153","121,703"
2010-09-01,"1,629,843","484,158","1,145,738","1,320,301","309,719","335,711","83,080","92,409","71,246","143,364","331,198","332,066","13,979","1,625,779","4,094","1,625,828","31,576","117,543","38,329","121,329","175,308","82,634","84,520","67,748","53,819","100,644","197,753","90,048","11,408","45,397","91,399","118,651","12,821","33,697","33,371","122,027"
2010-10-01,"1,638,232","488,568","1,149,734","1,328,149","310,219","339,721","80,993","94,138","71,890","144,833","335,140","332,808","14,016","1,634,148","4,096","1,634,197","31,500","121,711","38,250","121,772","175,096","83,287","84,173","68,139","54,028","101,225","198,661","90,584","11,362","45,439","91,550","118,956","12,769","33,900","33,516","122,317"
2010-11-01,"1,645,952","490,202","1,155,762","1,335,653","310,392","340,957","81,937","92,340","72,376","147,905","336,336","333,228","14,094","1,641,832","4,110","1,641,865","31,560","123,293","38,802","122,141","174,129","84,570","85,560","67,995","54,349","102,083","199,597","91,075","11,396","45,495","91,684","119,269","12,785","34,067","33,669","122,288"
2010-12-01,"1,657,377","496,984","1,160,459","1,346,212","311,250","347,105","82,599","94,439","73,077","151,974","342,454","334,097","14,085","1,653,227","4,136","1,653,244","31,952","126,183","39,209","122,392","176,929","86,156","85,138","69,027","54,421","102,523","200,247","91,666","11,345","45,473","91,969","119,599","12,724","33,982","33,734","122,535"
2011-01-01,"1,662,768","497,239","1,165,609","1,351,127","311,628","345,897","83,375","95,301","72,893","149,525","341,208","334,492","13,935","1,658,605","4,148","1,658,589","32,311","123,252","39,451","123,624","178,617","87,509","84,942","70,661","54,252","102,815","201,536","92,199","11,352","45,370","91,878","119,825","12,795","33,932","33,768","122,793"
2011-02-01,"1,659,773","495,593","1,164,275","1,348,452","311,343","343,835","82,582","94,624","72,726","148,960","339,137","334,089","13,974","1,655,635","4,162","1,655,618","32,402","122,685","39,393","124,028","177,148","86,214","84,956","70,073","54,153","102,948","201,884","92,676","11,357","45,274","91,845","119,579","12,858","34,042","33,759","122,673"
2011-03-01,"1,664,906","499,795","1,165,165","1,353,628","311,278","348,206","82,661","95,787","73,132","151,877","343,466","334,127","13,980","1,660,771","4,174","1,660,772","32,837","125,441","39,569","123,399","178,400","87,149","83,773","70,559","54,264","102,867","202,045","92,966","11,357","45,298","91,603","119,771","12,577","34,197","33,986","122,770"
2011-04-01,"1,665,169","500,882","1,164,301","1,353,633","311,554","349,530","82,561","95,918","72,986","152,790","344,764","334,344","14,041","1,661,033","4,188","1,661,050","32,892","126,407","39,805","123,094","178,432","86,182","84,696","69,842","54,256","102,352","201,736","93,001","11,389","45,250","91,537","119,787","12,674","34,563","34,051","123,037"
2011-05-01,"1,661,580","494,299","1,167,381","1,349,119","312,486","343,432","80,877","96,561","73,293","147,316","338,643","335,372","13,953","1,657,436","4,203","1,657,486","32,767","121,714","39,679","122,867","177,433","87,174","84,705","69,888","54,237","102,403","201,823","93,330","11,456","45,239","91,719","119,992","12,706","34,791","34,301","123,683"
2011-06-01,"1,668,949","497,993","1,171,040","1,355,993","312,988","346,093","81,880","96,237","73,519","148,413","341,262","335,955","13,863","1,664,788","4,217","1,664,838","32,487","123,772","39,444","124,160","178,079","86,826","85,791","68,688","54,186","103,330","202,599","94,104","11,606","45,495","91,802","120,180","13,076","34,771","34,602","124,000"
2011-07-01,"1,680,498","505,650","1,174,858","1,367,012","313,525","352,841","82,604","98,189","74,185","150,583","348,002","336,479","13,797","1,676,291","4,217","1,676,342","32,391","127,540","39,546","125,023","180,771","89,277","85,001","70,799","54,094","102,525","203,309","94,060","11,540","45,530","92,127","120,332","12,951","34,843","34,503","124,044"
2011-08-01,"1,689,080","511,470","1,177,524","1,375,406","313,702","357,423","82,707","97,764","73,673","155,808","352,541","336,663","13,781","1,684,834","4,233","1,684,869","32,817","132,048","39,532","125,842","180,439","88,568","84,865","70,953","54,199","104,616","204,005","94,566","11,501","45,634","92,232","120,451","12,767","34,692","34,453","124,008"
2011-09-01,"1,693,895","514,455","1,179,328","1,380,454","313,458","359,819","83,489","99,072","73,383","157,045","354,927","336,514","13,727","1,689,622","4,248","1,689,640","32,776","132,196","39,742","126,420","182,532","88,887","85,033","70,988","54,226","103,735","204,891","95,121","11,461","45,786","92,025","120,603","13,075","35,111","34,504","123,912"
2011-10-01,"1,693,809","511,843","1,181,890","1,380,567","313,261","357,110","82,747","100,129","73,869","155,355","352,235","336,236","13,771","1,689,502","4,266","1,689,503","32,756","130,051","38,969","126,573","182,875","90,024","85,538","70,997","54,245","103,551","205,692","95,609","11,395","45,894","92,023","120,649","13,208","34,922","34,570","123,589"
2011-11-01,"1,695,694","511,744","1,183,887","1,382,198","313,538","356,363","83,363","100,464","73,614","153,633","351,472","336,578","13,725","1,691,365","4,268","1,691,315","32,856","129,012","38,366","127,166","183,818","90,094","85,461","71,069","54,252","103,148","206,532","95,992","11,348","46,207","92,112","121,062","13,209","35,334","34,665","123,422"
2011-12-01,"1,703,826","516,590","1,187,100","1,390,377","313,492","360,029","84,024","102,930","73,946","153,670","355,113","336,566","13,702","1,699,442","4,268","1,699,341","32,772","129,345","38,608","128,389","186,974","90,785","86,749","71,304","54,253","102,443","207,614","96,378","11,304","46,569","92,223","121,262","13,252","35,215","34,713","123,098"
2012-01-01,"1,702,312","515,929","1,186,377","1,388,826","313,454","359,179","83,716","102,403","73,493","154,106","354,235","336,455","13,682","1,697,854","4,267","1,697,462","32,185","129,138","39,037","129,507","186,133","89,082","85,501","71,510","54,430","103,348","208,046","96,223","11,407","46,911","92,217","121,397","13,594","35,050","34,745","122,830"
2012-02-01,"1,697,912","509,505","1,188,421","1,383,937","313,993","351,433","82,058","100,735","73,737","151,828","346,470","336,972","13,808","1,693,517","4,269","1,691,835","32,125","125,755","37,965","130,927","182,802","90,166","84,926","71,037","54,653","103,651","208,747","96,322","11,493","47,129","92,639","121,523","13,311","35,174","34,780","122,802"
2012-03-01,"1,702,210","511,446","1,190,744","1,388,929","313,292","352,099","82,747","100,929","73,661","149,545","347,092","336,209","13,666","1,697,821","4,276","1,697,558","31,869","125,519","37,930","132,459","183,681","91,217","85,471","71,190","54,567","103,932","209,140","96,177","11,601","47,233","92,344","121,474","13,435","35,649","34,895","122,380"
2012-04-01,"1,708,110","516,991","1,191,086","1,393,953","314,151","355,309","83,003","101,974","74,069","151,610","350,250","337,130","13,588","1,703,724","4,312","1,703,216","32,173","126,797","38,501","134,521","184,979","91,626","84,626","71,472","54,602","103,093","209,850","96,355","11,475","47,561","92,790","121,875","13,180","35,219","34,886","122,459"
2012-05-01,"1,710,842","516,885","1,193,899","1,395,655","315,176","355,149","82,509","101,979","74,010","152,094","350,046","338,161","13,587","1,706,466","4,337","1,705,636","32,215","126,683","38,887","134,567","184,490","91,169","85,223","71,361","54,685","104,860","209,504","96,503","11,428","47,817","93,493","121,942","12,919","35,425","34,864","122,726"
2012-06-01,"1,711,716","515,390","1,196,263","1,395,889","315,797","353,142","81,715","102,828","73,895","150,010","348,003","338,659","13,636","1,707,338","4,361","1,707,579","32,530","124,417","39,046","134,824","184,541","91,387","85,441","71,842","54,752","105,184","209,604","96,543","11,380","47,914","93,959","122,096","13,239","35,414","34,941","122,602"
2012-07-01,"1,715,089","514,887","1,200,134","1,398,955","316,089","351,836","82,177","102,361","74,048","149,918","346,639","339,152","13,716","1,710,702","4,401","1,711,798","32,972","122,249","39,846","135,269","184,533","91,739","85,834","71,479","55,013","105,598","210,189","97,257","11,421","48,273","94,297","122,482","13,299","35,735","35,186","122,373"
2012-08-01,"1,712,835","512,255","1,200,527","1,396,329","316,485","348,323","82,810","100,769","73,801","147,842","343,093","339,485","13,914","1,708,454","4,430","1,709,942","33,317","119,990","39,508","135,863","183,573","91,718","85,316","71,861","55,196","105,694","210,089","97,328","11,442","48,367","94,418","122,751","13,224","35,563","35,288","122,316"
2012-09-01,"1,712,611","511,986","1,200,605","1,396,331","316,271","347,181","81,673","99,912","73,507","148,154","341,932","339,272","13,763","1,708,231","4,473","1,709,370","33,517","121,286","39,037","136,553","181,580","91,611","85,280","71,803","54,931","106,132","210,889","97,343","11,468","48,284","94,503","122,794","12,502","35,873","35,250","121,980"
2012-10-01,"1,711,824","513,698","1,198,175","1,395,586","316,238","347,099","81,431","98,487","73,059","150,074","341,843","339,169","13,645","1,707,446","4,519","1,708,126","34,028","122,230","39,661","137,854","179,912","91,010","85,557","70,955","54,569","105,605","211,391","97,147","11,421","48,143","94,601","122,648","12,307","35,682","35,226","121,928"
2012-11-01,"1,719,965","518,341","1,201,718","1,403,003","317,001","350,656","82,159","99,309","73,529","151,059","345,383","339,733","13,641","1,715,549","4,551","1,715,125","34,681","124,377","39,495","138,310","181,464","92,887","86,761","71,394","54,347","105,257","211,646","96,930","11,421","48,065","94,650","122,573","12,197","35,836","35,255","122,516"
2012-12-01,"1,719,763","518,173","1,201,743","1,403,180","316,661","349,138","81,806","97,590","72,619","151,764","343,842","339,203","13,838","1,715,330","4,579","1,714,788","35,553","125,871","38,523","138,854","179,392","92,072","86,556","71,232","54,379","106,554","212,105","97,292","11,371","47,915","94,549","122,449","11,965","35,920","35,164","122,212"
2013-01-01,"1,729,586","522,110","1,207,676","1,412,740","316,852","352,083","81,648","99,459","73,311","152,394","346,766","339,392","13,770","1,725,092","4,608","1,724,965","36,414","127,027","38,618","138,864","181,103","93,160","88,519","71,268","54,296","106,141","213,069","97,587","11,695","47,981","94,782","122,411","12,695","36,247","35,478","122,201"
2013-02-01,"1,734,805","526,901","1,208,091","1,417,795","316,974","355,465","82,151","99,531","72,784","154,256","350,169","339,213","13,709","1,730,227","4,637","1,732,670","37,156","130,219","38,217","139,548","181,675","93,876","88,154","71,560","53,989","106,444","213,324","97,473","11,832","47,716","95,071","122,000","12,584","36,311","35,493","122,149"
2013-03-01,"1,740,839","529,717","1,211,260","1,424,079","316,795","356,860","82,298","100,196","72,303","154,863","351,549","338,987","13,784","1,736,210","4,668","1,738,583","37,805","130,849","38,157","140,401","182,490","93,821","88,496","72,375","53,971","107,172","214,055","97,860","12,051","47,684","95,114","121,972","12,718","36,524","35,472","121,917"
2013-04-01,"1,743,937","529,239","1,214,801","1,428,162","315,870","355,028","81,814","99,443","72,262","154,211","349,701","338,193","13,897","1,739,264","4,701","1,739,955","38,279","130,013","38,372","141,361","181,254","94,232","89,349","72,997","54,089","108,207","214,538","98,341","12,258","47,655","94,703","122,048","13,013","36,355","35,598","121,453"
2013-05-01,"1,748,724","529,344","1,219,426","1,432,804","316,044","354,132","81,386","99,933","72,162","151,613","348,785","338,413","13,962","1,744,003","4,747","1,744,437","38,811","128,811","38,605","141,927","181,320","95,033","90,878","72,419","54,143","109,055","215,023","98,955","12,356","47,803","94,827","122,051","12,913","36,842","35,724","121,552"
2013-06-01,"1,742,396","524,961","1,217,401","1,426,540","315,932","353,019","81,999","99,191","71,866","152,839","347,656","338,393","13,976","1,737,656","4,778","1,736,886","39,076","127,594","38,843","138,493","181,182","93,314","89,849","71,745","54,172","109,506","215,852","99,099","12,442","47,852","94,515","122,175","12,726","36,915","35,615","121,708"
2013-07-01,"1,752,447","530,342","1,222,072","1,436,356","316,208","354,955","80,861","99,948","72,207","154,108","349,575","338,713","14,065","1,747,644","4,811","1,745,931","39,657","129,776","38,908","141,421","180,812","95,974","90,611","71,086","54,260","110,130","216,402","99,162","12,431","47,911","94,585","122,333","12,892","36,722","35,995","121,805"
2013-08-01,"1,760,130","534,235","1,225,859","1,443,391","316,863","358,080","80,775","101,032","72,848","157,119","352,678","339,337","14,200","1,755,270","4,840","1,754,386","40,033","132,011","38,768","141,859","181,814","95,828","91,612","71,988","54,399","109,470","217,010","99,660","12,415","48,081","95,001","122,267","13,036","37,211","36,070","122,085"
2013-09-01,"1,766,098","537,382","1,228,675","1,449,206","317,026","361,639","81,832","102,325","73,348","158,270","356,205","339,648","14,204","1,761,203","4,857","1,761,464","40,028","133,014","38,966","141,460","184,168","96,494","91,197","73,207","54,479","108,788","217,484","100,640","12,371","48,218","95,327","122,436","13,228","37,071","36,120","121,906"
2013-10-01,"1,775,606","542,133","1,233,445","1,457,991","317,746","366,232","83,161","103,296","74,033","158,841","360,732","340,405","14,230","1,770,649","4,888","1,771,373","39,728","134,586","39,635","141,897","186,463","97,048","91,519","74,477","54,652","109,395","217,743","100,848","12,293","48,656","95,792","122,542","13,299","37,247","36,140","122,099"
2013-11-01,"1,779,954","541,561","1,238,317","1,461,895","318,163","365,966","83,548","102,257","74,694","159,687","360,403","340,914","14,281","1,774,966","4,918","1,774,110","39,267","134,663","39,878","142,083","185,805","97,334","91,929","75,127","54,859","110,494","218,131","101,378","12,151","48,977","95,931","122,887","13,377","37,516","36,427","122,129"
2013-12-01,"1,772,541","536,024","1,236,370","1,454,522","318,051","362,457","81,615","100,181","74,422","159,743","356,811","340,880","14,474","1,767,556","4,932","1,764,994","38,780","133,893","40,997","140,646","181,798","95,842","91,596","74,223","55,227","110,234","218,541","101,821","11,961","49,146","95,696","123,162","13,555","37,239","36,392","122,048"
2014-01-01,"1,773,250","536,543","1,236,568","1,454,369","318,828","363,228","82,081","100,594","74,742","161,367","357,512","341,253","14,569","1,768,227","4,948","1,771,692","37,339","134,845","40,047","141,846","182,671","95,290","91,699","74,676","55,255","110,069","218,547","101,424","11,728","49,021","96,183","123,259","13,505","37,796","36,503","121,852"
2014-02-01,"1,782,226","542,817","1,239,380","1,462,865","319,375","369,074","82,923","102,551","74,773","164,094","363,308","341,521","14,691","1,777,214","4,976","1,782,782","36,775","137,679","40,175","142,671","185,479","96,644","91,828","75,483","55,340","109,598","218,912","101,875","11,533","49,083","96,316","123,481","12,969","38,117","36,719","121,766"
2014-03-01,"1,787,024","544,167","1,242,897","1,467,482","319,637","371,056","81,974","102,072","75,037","166,181","365,250","341,800","14,687","1,782,035","4,992","1,783,916","36,622","140,587","40,415","142,190","184,058","96,864","91,707","76,169","55,501","109,537","219,427","102,645","11,410","49,355","96,453","123,737","13,698","38,348","36,727","121,657"
2014-04-01,"1,790,684","547,371","1,243,415","1,471,043","319,780","374,827","82,519","102,250","75,259","167,782","368,995","341,799","14,581","1,785,703","5,025","1,788,046","36,471","143,736","40,137","141,726","184,774","96,568","90,812","75,884","55,409","109,932","219,971","103,285","11,291","49,547","96,558","123,862","13,827","38,492","36,857","121,431"
2014-05-01,"1,802,034","552,330","1,249,850","1,482,459","319,807","378,038","83,818","104,019","75,119","169,408","372,161","341,823","14,757","1,797,021","5,054","1,796,445","36,177","143,936","40,112","143,674","187,843","98,133","90,649","77,678","55,782","109,962","221,327","103,739","11,237","49,934","96,294","124,257","13,899","38,951","37,036","121,317"
2014-06-01,"1,810,319","556,600","1,253,895","1,492,460","318,202","381,645","86,205","103,279","76,095","171,327","375,721","340,392","14,855","1,805,283","5,073","1,800,272","36,012","145,679","40,245","144,438","189,457","98,726","91,291","78,129","56,183","110,791","222,041","105,093","11,245","50,272","94,596","124,587","13,853","39,096","37,157","121,209"
2014-07-01,"1,812,914","555,172","1,257,913","1,493,501","319,755","379,214","85,700","105,296","76,948","168,876","373,271","342,085","14,742","1,807,871","5,107","1,802,330","35,905","142,219","39,895","145,575","190,997","98,237","91,728","77,802","56,380","111,357","222,857","106,169","11,257","50,358","96,212","124,832","13,804","38,873","37,332","121,087"
2014-08-01,"1,809,135","548,517","1,260,703","1,489,412","320,052","373,456","84,940","103,735","77,718","165,001","367,516","342,366","14,743","1,804,085","5,139","1,801,373","35,516","138,717","39,994","145,085","188,668","98,957","91,297","77,409","56,588","112,163","223,424","106,447","11,255","50,528","96,615","124,766","13,819","39,427","37,342","121,039"
2014-09-01,"1,816,399","554,899","1,261,599","1,497,733","319,043","379,215","84,082","105,824","77,837","167,332","373,315","341,090","14,585","1,811,291","5,172","1,810,611","35,407","142,654","40,340","145,619","189,933","100,231","91,104","77,783","56,491","113,412","223,774","105,944","11,205","50,478","95,507","124,577","13,697","39,307","37,407","121,031"
2014-10-01,"1,821,619","558,904","1,262,814","1,501,098","320,857","381,115","85,171","105,016","77,814","169,178","375,224","342,810","14,555","1,816,459","5,210","1,817,073","35,730","143,935","40,545","147,395","190,192","97,589","90,793","77,700","56,676","114,947","224,231","105,750","11,254","50,623","97,398","124,391","13,586","39,670","37,314","121,097"
2014-11-01,"1,822,817","558,790","1,264,063","1,502,112","321,021","380,693","84,750","103,859","77,916","170,773","374,851","343,244","14,558","1,817,598","5,246","1,817,451","35,866","144,089","41,409","147,533","188,612","96,827","91,199","77,408","56,972","114,589","224,778","106,201","11,408","50,701","97,769","124,440","13,796","39,703","37,360","121,120"
2014-12-01,"1,825,584","559,652","1,265,904","1,505,166","320,739","381,806","86,777","105,509","78,250","169,113","376,045","343,013","14,393","1,820,301","5,282","1,821,169","36,221","142,336","40,802","146,896","192,283","97,110","91,203","78,599","56,983","115,411","224,879","105,632","11,497","50,688","97,523","124,463","13,671","39,872","37,410","121,102"
2015-01-01,"1,817,974","555,276","1,263,186","1,496,533","321,724","378,906","86,261","103,820","77,552","168,823","373,295","344,029","14,151","1,812,880","5,287","1,812,678","36,462","142,194","40,986","145,234","190,061","95,506","89,267","78,073","56,605","116,472","224,881","105,125","11,774","50,742","98,073","124,739","13,731","39,640","37,304","121,302"
2015-02-01,"1,815,506","551,019","1,264,612","1,493,315","322,389","375,786","86,137","101,868","78,076","168,471","370,241","344,862","14,023","1,810,342","5,341","1,810,211","36,916","139,396","42,136","143,601","187,983","95,067","90,087","77,595","56,667","116,872","225,661","104,696","11,882","50,860","98,210","125,146","13,629","39,353","37,342","121,587"
2015-03-01,"1,814,460","547,639","1,266,644","1,492,062","322,585","374,206","86,978","102,891","78,426","164,565","368,659","345,150","13,855","1,809,215","5,393","1,809,142","37,002","134,151","42,123","141,845","189,846","94,710","90,872","78,242","56,732","117,083","226,434","104,312","11,931","50,817","97,985","125,336","13,632","39,330","37,363","121,902"
2015-04-01,"1,813,921","544,685","1,268,768","1,490,814","323,237","371,290","86,967","102,499","78,523","162,648","365,711","345,921","13,793","1,808,622","5,415","1,808,586","37,399","131,970","41,355","141,345","189,441","95,612","90,290","78,276","56,908","116,624","227,385","104,044","12,031","50,755","98,289","125,717","13,720","39,793","37,398","121,991"
2015-05-01,"1,812,920","545,147","1,267,358","1,490,739","322,339","370,637","86,927","102,272","78,669","162,237","365,051","345,203","13,628","1,807,548","5,439","1,807,567","37,578","132,419","40,799","142,155","189,170","94,607","90,146","78,392","56,834","116,093","228,561","103,884","12,055","50,759","97,571","125,739","13,558","39,925","37,337","121,955"
2015-06-01,"1,817,855","545,511","1,271,804","1,495,306","322,748","372,042","86,460","100,821","79,195","164,375","366,429","345,862","13,638","1,812,439","5,467","1,812,480","37,578","137,540","40,764","141,315","187,252","95,027","90,935","78,924","57,121","116,698","228,951","103,671","12,079","50,812","98,036","125,819","14,269","40,199","37,320","122,073"
2015-07-01,"1,822,436","547,686","1,274,286","1,499,877","322,829","374,545","86,232","101,454","79,269","166,143","368,887","346,113","13,751","1,816,983","5,488","1,817,063","37,808","141,167","40,253","140,963","187,659","94,061","91,385","79,563","57,393","118,112","229,246","103,673","12,022","51,014","97,865","126,100","14,211","40,276","37,260","122,206"
2015-08-01,"1,826,294","552,924","1,273,290","1,505,172","321,492","379,758","88,391","102,837","78,745","169,089","374,078","345,056","13,759","1,820,790","5,501","1,820,893","37,965","142,741","40,186","141,100","191,195","93,040","91,551","79,983","57,504","118,249","229,716","103,950","11,910","51,057","96,722","126,181","14,026","40,157","37,153","122,181"
2015-09-01,"1,818,765","544,575","1,273,471","1,496,659","322,328","372,362","87,421","101,519","79,144","162,044","366,598","345,905","13,678","1,813,261","5,508","1,813,383","38,245","136,677","39,793","139,740","188,907","92,881","92,280","79,674","57,512","117,928","229,712","103,651","11,795","51,112","97,378","126,285","13,959","40,027","37,098","122,285"
2015-10-01,"1,820,488","544,266","1,275,405","1,498,248","322,478","372,372","86,256","102,231","79,233","161,728","366,488","346,345","13,806","1,814,969","5,504","1,815,103","38,516","138,176","39,240","139,315","188,461","93,137","91,514","79,629","57,907","118,032","230,391","103,971","11,659","51,327","97,133","126,809","14,160","40,284","37,138","122,431"
2015-11-01,"1,824,776","544,883","1,278,979","1,502,633","322,418","373,209","86,411","102,290","79,316","162,013","367,302","346,447","13,762","1,819,235","5,507","1,819,390","38,532","138,247","39,660","139,174","188,674","94,204","93,142","80,452","58,061","117,453","230,944","104,325","11,492","51,291","97,024","127,025","14,022","40,248","37,068","122,418"
2015-12-01,"1,826,829","544,577","1,281,217","1,504,070","323,013","373,535","86,523","102,606","79,560","162,392","367,545","347,231","13,744","1,821,272","5,526","1,821,444","38,939","138,718","39,161","138,325","189,099","95,080","92,427","80,337","58,236","117,540","231,546","104,666","11,330","51,238","97,394","127,248","14,219","40,468","37,087","122,617"
2016-01-01,"1,837,860","548,275","1,288,764","1,514,248","324,009","377,636","87,417","103,980","79,722","165,124","371,656","348,257","13,887","1,832,412","5,508","1,832,585","38,899","138,786","40,415","138,113","191,380","97,254","94,199","80,327","58,379","119,436","231,752","104,968","11,132","51,312","97,508","127,755","14,231","40,753","36,933","123,015"
2016-02-01,"1,832,584","542,758","1,288,477","1,507,975","324,840","373,472","86,824","102,652","80,328","162,554","367,472","349,192","13,944","1,827,118","5,511","1,827,297","38,773","135,608","40,603","136,865","189,452","93,857","95,076","80,776","58,598","119,049","232,556","105,302","10,851","51,387","97,750","128,114","14,228","41,020","36,745","123,349"
2016-03-01,"1,825,855","537,195","1,286,864","1,500,520","325,438","369,675","87,486","101,016","80,550","160,283","363,671","349,997","13,970","1,820,419","5,505","1,820,565","38,774","131,258","40,781","135,141","188,450","92,695","93,725","79,884","58,793","119,275","233,023","105,735","10,520","51,352","98,024","128,472","14,272","41,109","36,628","123,525"
2016-04-01,"1,830,002","539,249","1,289,053","1,504,309","325,825","371,039","87,611","101,708","80,191","159,643","365,035","350,405","13,928","1,824,576","5,514","1,824,689","38,744","130,459","41,500","135,852","189,273","93,864","94,853","79,613","58,704","119,531","233,541","105,548","10,332","51,139","98,107","128,497","13,986","41,192","36,511","123,827"
2016-05-01,"1,819,666","526,381","1,290,340","1,492,626","326,942","360,219","86,142","100,391","81,383","148,625","354,129","351,602","13,946","1,814,263","5,509","1,814,344","38,859","119,926","40,864","133,478","186,494","93,424","94,037","79,772","59,039","119,396","233,867","106,290","10,196","51,084","98,187","128,809","14,269","40,986","36,526","124,631"
2016-06-01,"1,828,411","533,715","1,292,341","1,501,242","327,186","369,323","86,799","101,953","81,329","157,924","363,191","351,973","13,992","1,822,992","5,521","1,823,073","39,008","127,142","42,263","132,333","188,721","93,582","93,621","80,062","59,306","120,141","234,394","106,406","10,042","51,011","98,185","129,038","14,276","41,201","36,501","124,775"
2016-07-01,"1,839,206","540,542","1,296,750","1,512,476","326,899","375,547","88,212","100,869","82,042","165,601","369,363","351,817","13,973","1,833,764","5,531","1,833,830","39,346","137,089","41,791","132,932","189,012","94,200","94,405","80,484","59,539","122,074","234,487","106,675","9,957","51,004","98,090","129,324","14,385","41,491","36,514","124,421"
2016-08-01,"1,843,452","542,376","1,299,212","1,516,395","327,248","378,104","88,253","100,852","82,994","168,858","371,869","352,193","14,427","1,837,984","5,538","1,838,028","39,570","138,402","43,099","132,285","189,035","93,658","94,338","81,858","60,183","122,472","234,481","106,992","9,871","50,964","98,114","129,563","14,409","41,513","36,597","124,529"
2016-09-01,"1,848,118","544,093","1,302,208","1,520,515","327,822","378,458","88,011","101,298","82,978","169,819","372,192","352,795","14,248","1,842,651","5,541","1,842,679","39,837","140,100","42,222","133,275","189,248","93,703","95,072","81,843","60,115","123,577","234,754","107,490","9,757","50,856","98,491","129,599","14,554","41,389","36,661","124,721"
2016-10-01,"1,847,038","542,336","1,302,685","1,519,554","327,691","375,990","87,025","99,969","83,423","168,062","369,783","352,704","14,212","1,841,533","5,559","1,841,575","40,005","141,303","41,885","133,566","186,934","94,226","95,261","82,076","60,109","123,109","235,838","107,522","9,625","50,528","98,704","129,564","14,402","40,953","36,684","124,459"
2016-11-01,"1,853,836","546,520","1,305,551","1,526,183","327,913","379,581","88,163","101,195","83,239","169,617","373,371","352,886","14,232","1,848,284","5,566","1,848,312","39,865","145,647","40,139","134,397","189,296","95,027","95,565","82,457","60,356","124,106","235,654","107,736","9,553","50,406","98,866","129,539","14,398","41,003","36,804","124,506"
2016-12-01,"1,858,876","549,952","1,307,391","1,531,329","327,867","382,976","88,417","101,889","83,661","171,962","376,812","352,823","14,213","1,853,292","5,581","1,853,331","39,896","146,364","41,562","134,539","190,249","95,546","95,444","82,644","60,555","124,454","236,665","107,972","9,484","50,597","98,902","129,366","14,454","40,218","36,960","124,582"
2017-01-01,"1,867,798","553,163","1,313,161","1,540,576","327,713","385,110","88,232","102,925","83,485","171,983","378,902","352,882","14,303","1,862,212","5,604","1,862,301","40,135","148,138","41,372","135,306","191,120","95,710","96,710","84,045","60,824","124,573","237,652","107,595","9,676","50,481","98,487","129,296","14,818","41,487","37,200","125,120"
2017-02-01,"1,872,099","551,759","1,318,594","1,544,223","328,372","383,078","88,356","101,680","83,559","171,387","376,888","353,737","14,243","1,866,510","5,619","1,866,591","40,376","147,600","41,039","135,542","189,978","96,164","96,730","84,567","60,930","126,525","239,106","108,432","9,649","50,423","98,827","129,538","14,607","40,843","37,468","125,396"
2017-03-01,"1,878,420","553,352","1,323,305","1,550,212","328,774","384,541","88,682","102,729","84,013","171,550","378,322","354,234","14,291","1,872,829","5,628","1,872,969","40,522","145,898","41,960","135,609","191,363","97,205","96,442","84,884","61,071","127,794","240,159","108,814","9,610","50,392","98,918","129,733","14,827","40,928","37,585","125,607"
2017-04-01,"1,887,380","557,531","1,328,227","1,558,854","329,180","386,644","88,922","103,606","84,666","172,569","380,491","354,487","14,263","1,881,798","5,635","1,881,946","40,313","147,985","41,278","137,703","192,490","96,886","97,374","86,164","61,182","129,083","240,103","109,323","9,509","50,393","99,049","129,884","15,367","41,311","37,779","125,579"
2017-05-01,"1,894,834","560,694","1,332,629","1,566,092","329,486","390,968","89,431","104,161","85,060","176,629","384,793","354,976","14,323","1,889,269","5,646","1,889,438","40,437","151,001","41,939","136,734","193,550","97,031","97,301","86,441","61,543","131,708","239,991","109,993","9,437","50,689","99,172","130,087","14,973","41,394","37,963","125,741"
2017-06-01,"1,898,387","562,679","1,334,281","1,568,655","330,463","390,475","90,065","104,042","85,964","175,075","384,332","355,973","14,289","1,892,823","5,668","1,893,004","40,009","149,982","41,653","139,312","194,055","96,766","97,453","86,936","61,540","132,086","239,595","109,955","9,290","50,736","99,472","130,339","14,949","41,685","38,103","126,180"
2017-07-01,"1,901,643","565,304","1,335,062","1,570,814","331,514","392,043","89,648","103,636","85,947","176,438","385,845","357,031","14,222","1,896,071","5,676","1,896,284","40,144","152,875","41,866","140,246","193,231","96,940","96,930","86,363","61,631","131,852","239,868","110,358","9,112","50,715","99,622","130,728","15,020","41,824","38,136","126,702"
2017-08-01,"1,900,327","560,928","1,337,732","1,568,318","332,602","387,800","88,006","103,053","85,363","174,462","381,587","358,236","14,178","1,894,767","5,656","1,894,993","40,088","150,450","41,951","140,006","191,025","97,780","96,774","86,401","61,788","131,085","240,694","110,630","8,891","50,630","100,012","130,992","15,233","41,943","38,302","127,250"
2017-09-01,"1,903,852","563,456","1,338,876","1,570,644","333,748","388,796","88,382","102,784","86,318","176,466","382,632","359,363","14,137","1,898,302","5,607","1,898,523","40,141","150,389","42,801","141,337","191,121","97,335","96,158","86,777","61,962","130,690","241,666","111,047","8,608","50,288","100,562","131,108","15,200","41,978","38,387","127,721"
2017-10-01,"1,907,305","563,270","1,342,372","1,573,983","333,897","386,347","88,766","104,150","86,645","171,653","380,240","359,422","13,986","1,901,811","5,518","1,901,997","40,003","146,026","41,799","143,345","192,882","98,896","98,702","85,940","61,987","131,163","242,478","110,854","8,332","49,915","100,518","131,188","15,174","41,823","38,384","127,747"
2017-11-01,"1,916,041","568,690","1,345,947","1,582,023","334,639","391,033","89,557","105,980","87,657","173,967","385,050","360,187","13,941","1,910,469","5,565","1,910,693","40,134","147,440","42,428","143,961","195,513","99,710","98,014","86,431","62,195","131,771","243,491","111,339","7,988","49,887","100,904","131,483","15,245","41,965","38,392","127,834"
2017-12-01,"1,922,738","570,190","1,351,058","1,587,526","335,812","393,053","89,845","105,510","88,679","178,353","387,018","361,540","13,984","1,916,991","5,738","1,917,321","40,110","149,628","42,918","143,639","195,316","99,925","97,116","85,887","62,631","132,642","245,709","112,704","7,706","50,287","101,601","132,056","15,259","41,803","38,505","127,927"
2018-01-01,"1,922,784","568,653","1,352,481","1,585,632","337,585","391,877","90,618","105,528","89,370","176,953","385,692","363,486","13,910","1,916,838","6,006","1,917,408","40,256","147,056","42,746","143,398","196,138","98,656","97,742","86,571","62,580","132,563","244,517","112,738","7,711","50,834","102,105","132,996","15,232","41,919","38,474","128,430"
2018-02-01,"1,930,694","573,717","1,355,531","1,592,532","338,584","395,865","90,515","106,357","90,219","179,157","389,560","364,403","14,150","1,924,611","6,169","1,925,191","40,386","153,047","41,381","144,484","196,848","98,802","98,099","87,011","63,083","133,265","243,861","113,370","7,412","51,014","102,345","133,293","15,358","41,907","38,489","128,811"
2018-03-01,"1,935,532","578,298","1,356,030","1,596,437","339,514","400,562","90,323","107,563","90,694","183,723","394,156","365,486","14,019","1,929,410","6,252","1,929,991","40,177","156,633","42,010","144,767","197,836","99,616","97,907","86,537","63,222","131,767","244,082","113,960","7,211","51,109","102,620","133,642","15,183","41,912","38,507","129,266"
2018-04-01,"1,937,496","578,598","1,357,693","1,597,115","340,766","400,359","89,692","109,577","90,893","179,919","393,903","366,795","13,934","1,931,369","6,282","1,931,951","40,366","154,250","42,077","145,095","199,182","99,445","97,239","86,554","63,240","131,458","245,120","114,368","6,977","51,300","103,013","134,024","15,129","41,938","38,506","129,804"
2018-05-01,"1,948,948","578,866","1,368,640","1,607,341","342,048","400,044","89,169","107,562","91,361","180,824","393,477","368,266","14,094","1,942,794","6,331","1,943,337","40,418","157,683","41,900","145,671","196,659","102,335","100,478","86,984","63,700","132,553","245,801","114,685","6,812","51,545","103,295","134,550","15,346","42,126","38,535","130,464"
2018-06-01,"1,950,488","580,294","1,368,830","1,608,022","342,892","402,985","92,042","107,930","91,850","182,750","396,306","369,237","14,139","1,944,257","6,433","1,944,771","40,320","156,181","42,139","144,542","199,939","100,553","99,551","87,163","64,028","132,093","246,885","115,122","6,637","51,852","103,495","134,949","15,310","42,322","38,512","130,833"
2018-07-01,"1,957,338","582,520","1,373,473","1,614,369","343,456","406,282","92,387","107,280","92,319","186,060","399,533","370,001","14,262","1,951,038","6,578","1,951,493","40,083","159,156","43,250","143,915","199,648","101,261","99,709","87,544","64,563","132,340","247,816","115,480","6,539","52,017","103,551","135,247","15,108","42,891","38,648","131,238"
2018-08-01,"1,961,105","581,202","1,378,396","1,617,634","344,022","405,987","91,933","107,094","93,217","187,190","399,180","370,693","14,088","1,954,802","6,628","1,955,281","40,010","159,319","43,482","143,080","199,003","101,565","100,761","87,790","64,770","133,895","248,363","115,795","6,444","52,188","103,719","135,490","15,087","42,817","38,751","131,518"
2018-09-01,"1,963,911","579,916","1,382,331","1,620,341","344,179","405,501","92,777","107,169","93,535","184,440","398,612","371,045","13,974","1,957,637","6,575","1,958,187","39,793","157,101","43,569","142,591","199,934","101,726","101,453","88,721","64,992","134,264","248,890","115,899","6,370","52,600","103,792","135,735","15,417","42,846","38,661","131,549"
2018-10-01,"1,967,946","580,486","1,385,792","1,624,079","344,552","406,899","90,849","108,977","93,999","186,591","399,929","371,567","14,140","1,961,789","6,484","1,962,461","39,523","158,383","44,031","142,176","199,760","101,978","101,604","88,457","65,357","135,824","249,121","116,285","6,282","52,745","103,786","135,934","15,538","43,000","38,655","131,874"
2018-11-01,"1,963,948","576,811","1,385,302","1,619,962","344,683","404,253","91,425","107,898","94,355","184,576","397,142","371,930","14,137","1,957,926","6,338","1,958,671","39,610","155,083","44,304","141,214","199,283","100,959","101,220","88,092","65,667","134,895","249,303","116,761","6,222","53,320","103,884","136,104","15,648","43,127","38,712","131,967"
2018-12-01,"1,964,898","572,475","1,390,249","1,621,056","344,623","400,302","90,702","107,485","94,660","180,397","393,098","372,355","14,197","1,959,021","6,196","1,959,794","39,610","152,732","43,491","140,839","198,142","101,792","101,249","88,996","66,098","135,055","249,401","118,213","6,191","53,176","103,887","136,428","15,892","43,507","38,882","132,058"
2019-01-01,"1,966,439","570,999","1,393,110","1,622,084","345,155","397,665","90,365","108,431","95,553","178,245","390,372","373,039","14,264","1,959,988","6,890","1,961,406","40,465","147,840","44,036","141,177","198,733","101,748","101,287","89,510","66,547","135,381","250,735","118,073","6,053","53,117","104,139","136,354","15,927","43,409","38,775","132,575"
2019-02-01,"1,962,946","570,410","1,390,234","1,618,331","345,336","397,702","89,752","108,749","96,319","178,944","390,401","373,354","14,217","1,956,664","6,660","1,957,953","40,378","147,707","44,423","140,696","198,439","102,256","100,698","88,009","66,924","134,399","249,634","118,390","5,972","53,005","104,247","136,554","15,992","43,336","38,833","132,579"
2019-03-01,"1,974,072","575,897","1,396,058","1,628,875","345,997","402,497","90,156","109,546","96,668","181,282","395,255","373,984","14,204","1,967,587","7,012","1,969,091","40,501","152,736","43,955","141,303","199,640","103,872","101,636","88,861","67,226","135,281","249,998","118,542","5,839","52,700","104,692","136,565","16,114","43,836","38,875","132,770"
2019-04-01,"1,984,086","583,355","1,399,007","1,638,782","346,202","409,326","90,665","108,019","96,751","188,751","402,068","374,008","14,315","1,977,274","7,571","1,979,128","40,862","163,348","43,380","141,773","198,629","104,551","101,166","89,990","67,590","135,463","251,295","118,998","5,769","52,323","104,781","136,491","15,963","43,774","38,840","132,785"
2019-05-01,"1,991,679","586,863","1,403,162","1,645,999","346,597","410,657","91,249","110,875","97,195","187,526","403,511","374,336","14,326","1,984,612","7,972","1,986,726","41,111","160,396","43,419","143,490","202,066","104,555","101,593","91,045","67,950","135,932","252,748","119,035","5,668","52,266","104,840","136,570","16,017","43,924","38,856","132,971"
2019-06-01,"1,995,768","586,133","1,407,744","1,649,832","346,814","407,385","90,069","109,484","98,661","187,799","400,272","374,803","14,395","1,988,573","8,091","1,990,803","41,373","159,794","43,480","145,461","199,498","105,734","102,265","90,909","68,418","136,001","253,673","119,902","5,565","52,238","104,801","137,093","16,102","44,161","38,861","132,942"
2019-07-01,"1,996,463","581,853","1,412,254","1,649,325","347,886","401,223","89,443","109,274","98,480","182,794","394,198","376,155","14,267","1,989,045","8,419","1,991,505","41,238","153,493","43,438","147,049","198,662","106,176","102,315","90,874","68,634","136,392","254,895","120,760","5,409","52,510","105,388","137,563","16,067","44,022","38,934","133,237"
2019-08-01,"1,996,572","580,969","1,413,079","1,649,194","348,029","401,481","89,369","109,466","99,346","182,897","394,447","376,693","14,228","1,989,054","8,468","1,991,602","41,113","154,299","42,983","146,126","198,780","103,625","102,263","91,357","69,000","137,346","255,255","121,496","5,255","52,625","105,303","138,069","16,036","44,043","38,866","133,343"
2019-09-01,"1,999,283","581,130","1,415,511","1,651,832","348,066","401,112","89,745","108,289","99,755","183,845","394,041","376,879","14,235","1,991,688","8,475","1,994,313","40,875","154,310","43,377","146,831","197,982","105,708","102,209","90,517","69,172","137,712","255,938","121,471","5,070","52,707","105,550","138,283","16,200","44,105","38,775","133,073"
2019-10-01,"2,000,634","581,048","1,416,799","1,651,888","349,184","400,918","90,408","106,582","99,974","184,690","393,727","378,019","14,213","1,992,190","9,768","1,995,655","41,778","154,265","44,116","146,257","196,943","104,372","101,183","90,967","69,725","138,575","256,304","121,856","4,918","52,772","105,564","138,779","16,398","43,907","38,656","133,688"
2019-11-01,"2,000,233","578,769","1,418,371","1,650,960","349,548","398,120","90,246","107,002","101,067","182,311","390,880","378,632","14,225","1,992,068","9,059","1,995,230","41,188","150,054","44,358","147,202","197,200","103,543","101,558","90,354","69,974","139,167","256,417","122,717","4,760","52,911","105,523","139,391","16,316","44,172","38,700","133,715"
2019-12-01,"2,007,421","577,702","1,426,219","1,656,738","350,850","396,826","89,841","105,563","101,535","184,452","389,556","380,298","14,123","1,999,481","8,491","2,002,400","40,758","151,594","43,891","147,775","195,356","105,400","103,283","91,555","70,096","140,395","256,632","122,900","4,642","52,842","105,820","140,172","16,392","44,111","38,665","134,290"
2020-01-01,"2,010,802","581,300","1,426,092","1,658,520","352,238","398,464","89,824","103,105","100,845","185,329","391,206","381,735","14,035","2,002,579","8,678","2,005,700","40,734","157,696","43,404","149,625","192,884","106,103","103,353","90,445","70,135","140,461","256,690","122,646","4,520","52,740","105,973","140,788","16,152","43,518","38,631","134,945"
2020-02-01,"2,014,964","584,207","1,427,691","1,662,430","352,697","401,292","89,746","104,925","100,813","186,473","393,978","382,595","14,147","2,006,881","8,774","2,010,047","40,743","158,525","43,565","149,812","194,624","106,147","103,022","89,255","70,147","141,370","257,456","123,610","4,436","52,666","105,574","141,501","16,112","43,208","38,738","135,460"
2020-03-01,"1,863,478","554,495","1,307,570","1,533,027","330,390","375,445","86,782","90,540","97,649","180,177","368,641","353,973","12,055","1,855,700","8,846","1,858,776","40,614","151,449","43,128","145,210","177,292","99,129","90,952","77,427","66,859","137,888","253,514","109,715","4,244","44,419","96,242","129,242","10,911","27,230","33,477","128,413"
2020-04-01,"1,662,008","473,248","1,185,678","1,348,671","312,068","321,991","75,085","66,118","97,685","170,386","315,675","327,109","9,391","1,654,675","8,759","1,657,622","40,148","136,174","42,417","118,278","141,198","81,243","73,512","61,195","64,297","139,868","245,352","107,735","4,139","37,868","87,304","114,641","6,594","15,074","24,373","125,140"
2020-05-01,"1,735,686","507,804","1,225,991","1,414,380","320,500","339,269","79,867","76,142","97,949","165,934","332,863","336,665","9,347","1,728,287","8,840","1,731,287","41,017","137,255","42,435","133,884","155,993","86,254","87,522","62,017","64,305","140,257","248,680","109,214","4,011","38,895","93,456","117,678","6,366","17,897","26,949","125,651"
2020-06-01,"1,836,134","534,297","1,299,656","1,508,858","327,410","355,398","83,516","90,824","98,778","161,344","348,579","351,263","10,034","1,828,549","9,079","1,831,686","41,624","131,156","42,863","143,648","174,301","100,126","103,001","67,804","65,203","141,854","255,306","112,691","3,877","43,035","95,337","127,851","6,739","22,899","29,328","128,006"
2020-07-01,"1,883,201","542,550","1,337,958","1,545,761","337,508","365,735","86,637","95,223","99,960","160,101","358,862","364,339","10,810","1,875,561","9,145","1,878,739","41,852","132,448","43,674","141,898","181,812","105,345","102,280","70,136","66,019","142,786","260,620","115,469","3,701","43,828","99,484","134,367","7,707","26,904","31,818","130,400"
2020-08-01,"1,901,415","543,824","1,354,565","1,559,064","342,376","365,577","86,614","98,332","100,832","154,949","358,677","369,392","12,010","1,893,827","9,128","1,896,958","42,079","129,763","42,481","143,025","184,902","105,838","102,195","70,104","67,214","143,418","261,947","117,481","3,548","45,637","101,915","136,170","8,297","29,237","33,052","131,267"
2020-09-01,"1,918,805","548,441","1,367,294","1,573,375","345,507","370,193","88,059","98,002","100,763","159,430","363,252","372,763","12,295","1,911,257","9,025","1,914,329","42,154","134,920","41,768","143,129","186,020","106,261","104,486","71,263","67,555","143,971","263,362","119,122","3,422","46,585","102,586","137,417","8,420","29,174","33,655","132,701"
2020-10-01,"1,930,273","551,747","1,375,440","1,583,223","347,206","371,996","89,233","97,018","102,278","163,865","364,978","375,507","12,503","1,922,512","9,367","1,925,762","42,218","135,996","42,313","144,562","186,215","106,519","105,869","72,885","68,049","145,921","262,292","121,042","3,357","47,213","102,742","138,776","8,620","26,994","33,988","133,899"
2020-11-01,"1,943,992","558,747","1,382,396","1,596,347","347,968","379,958","90,808","99,084","103,216","167,195","372,836","376,723","12,379","1,936,068","9,620","1,939,446","42,020","141,135","42,045","144,176","189,853","106,881","106,835","73,909","68,278","147,755","261,963","122,149","3,240","47,745","102,926","139,598","8,351","27,134","34,273","134,095"
2020-12-01,"1,948,654","564,056","1,382,061","1,599,100","349,804","383,534","89,537","98,775","102,772","170,405","376,361","378,888","12,330","1,940,408","10,083","1,944,016","41,705","147,547","42,103","146,177","188,270","106,426","103,293","75,032","68,315","148,099","264,270","121,986","3,165","48,201","103,473","140,371","8,183","24,475","34,298","134,939"
2021-01-01,"1,957,148","569,386","1,385,424","1,606,063","351,339","387,440","90,177","100,316","105,187","173,384","380,390","380,783","12,252","1,948,961","9,912","1,952,447","41,218","149,978","41,809","147,899","190,451","107,865","100,780","74,987","68,261","148,523","265,100","122,738","3,107","48,442","103,920","141,569","8,115","24,832","34,324","135,175"
2021-02-01,"1,961,960","566,427","1,392,764","1,608,964","353,088","382,357","88,259","98,905","103,782","173,137","375,378","382,578","12,295","1,953,762","9,790","1,957,227","40,794","147,759","42,192","149,994","187,121","106,265","107,635","73,415","68,335","149,182","265,499","122,936","3,088","47,647","104,345","142,503","8,143","26,286","34,446","135,602"
2021-03-01,"1,980,323","571,274","1,406,175","1,623,348","356,883","384,604","89,350","99,928","103,336","172,557","377,614","386,303","12,441","1,971,951","10,010","1,975,578","40,246","148,052","41,914","152,918","189,237","108,446","111,342","74,075","68,370","148,875","265,849","123,047","3,012","47,253","105,913","143,324","8,288","29,650","34,373","136,971"
2021-04-01,"1,960,536","568,345","1,389,551","1,606,311","353,975","377,963","88,811","96,676","103,468","169,885","370,991","383,423","12,320","1,952,154","10,038","1,955,860","40,048","146,038","41,215","156,278","185,450","108,596","103,136","73,288","68,220","147,450","265,988","122,526","2,928","47,263","101,609","144,280","8,067","26,558","34,597","137,257"
2021-05-01,"1,950,246","562,365","1,384,968","1,592,395","357,139","377,965","88,048","96,724","103,617","171,948","371,046","386,466","12,453","1,941,776","10,171","1,945,637","39,674","145,829","42,080","151,080","184,733","107,095","100,066","72,589","68,390","147,246","265,430","122,347","2,859","46,743","104,204","144,908","8,076","25,353","34,543","137,156"
2021-06-01,"1,966,023","566,680","1,396,348","1,605,557","359,718","385,487","89,268","98,581","103,728","176,984","378,592","389,010","12,528","1,957,407","10,380","1,961,451","39,319","148,679","43,653","148,654","187,808","103,932","105,234","72,610","68,763","147,804","265,408","122,835","2,779","46,641","105,221","145,344","8,635","29,955","34,872","138,269"
2021-07-01,"1,976,370","563,218","1,409,559","1,613,980","361,618","385,508","89,550","96,677","104,612","176,747","378,516","391,049","12,842","1,967,666","10,506","1,971,874","37,778","152,755","42,289","146,884","186,194","103,113","104,983","74,545","69,577","149,146","265,802","124,026","2,771","47,120","106,524","145,854","9,530","34,067","35,719","138,530"
2021-08-01,"1,987,967","562,679","1,421,339","1,625,574","361,768","386,380","90,076","96,728","105,337","178,196","379,326","391,033","13,420","1,979,265","10,439","1,983,542","35,926","153,155","42,165","147,261","186,766","103,878","106,929","76,458","70,562","150,360","266,159","124,812","2,715","47,505","107,283","145,938","10,324","36,387","36,225","137,699"
2021-09-01,"1,994,605","561,038","1,429,275","1,630,355","363,593","385,264","89,311","94,959","106,247","180,396","378,120","393,143","13,344","1,985,816","10,574","1,990,260","35,584","155,303","42,028","147,136","184,237","105,399","106,098","77,088","70,747","151,196","266,751","126,732","2,694","47,635","107,455","146,042","10,974","36,236","36,581","139,526"
2021-10-01,"2,010,389","570,088","1,436,432","1,647,166","362,893","391,716","90,615","98,149","107,735","180,762","384,582","392,467","13,514","2,001,441","10,810","2,006,137","36,199","156,957","42,182","149,150","188,726","107,312","107,034","78,052","71,349","151,778","268,065","127,745","2,618","47,808","107,747","146,046","11,749","35,828","36,862","138,573"
2021-11-01,"2,019,838","569,741","1,445,976","1,655,746","363,927","389,973","91,157","99,766","108,964","177,515","382,785","393,454","13,578","2,010,916","10,818","2,015,720","37,598","152,395","41,781","149,218","190,879","110,104","107,522","78,872","72,004","152,717","268,536","128,591","2,556","48,123","108,057","146,124","12,281","36,579","37,035","139,181"
2021-12-01,"2,022,291","571,835","1,446,501","1,657,853","364,387","391,451","91,982","99,947","110,059","177,369","384,204","394,307","13,741","2,013,309","10,956","2,018,299","39,416","151,548","42,624","148,308","191,890","110,927","104,413","79,181","72,398","153,167","268,825","129,361","2,509","48,624","108,222","146,388","11,810","36,077","37,179","139,601"
2022-01-01,"2,017,871","576,262","1,438,234","1,655,073","362,948","393,240","92,307","101,148","110,811","179,174","385,998","392,820","13,436","2,008,909","10,932","2,014,029","39,671","149,116","44,402","150,545","193,415","111,017","106,524","76,243","71,975","152,673","269,712","129,823","2,458","48,523","107,416","146,168","10,443","31,109","37,541","139,118"
2022-02-01,"2,031,576","579,855","1,448,379","1,666,633","365,134","394,937","92,413","102,209","111,160","179,331","387,638","394,894","13,710","2,022,668","10,961","2,027,657","40,040","151,570","43,012","152,055","194,581","108,901","106,699","78,558","72,217","152,447","270,572","130,743","2,411","48,791","107,529","146,998","11,064","35,430","37,842","140,229"
2022-03-01,"2,045,190","585,396","1,456,559","1,680,253","365,254","398,754","93,524","104,022","111,666","180,055","391,435","395,350","13,500","2,036,187","11,133","2,041,161","40,517","152,474","42,879","153,350","197,503","108,565","106,945","80,510","72,303","153,106","269,643","131,954","2,396","49,284","107,486","147,352","12,203","38,263","38,073","140,364"
2022-04-01,"2,046,665","586,780","1,456,735","1,680,770","366,130","402,278","92,323","105,508","112,293","183,138","394,944","396,206","13,486","2,037,657","11,178","2,042,570","40,926","155,810","43,303","151,154","197,783","107,641","106,660","81,727","72,235","152,830","267,342","132,343","2,264","49,426","108,167","147,495","12,933","38,663","38,312","140,417"
2022-05-01,"2,052,456","585,212","1,463,769","1,684,803","367,765","400,759","91,438","104,731","112,995","182,104","393,381","398,035","13,582","2,043,346","11,341","2,048,265","41,533","156,703","42,912","150,582","196,123","108,121","107,893","83,472","72,409","152,574","266,785","133,068","2,136","49,650","108,854","147,921","13,392","39,320","38,663","141,146"
2022-06-01,"2,057,399","588,314","1,465,691","1,688,103","369,295","402,794","91,064","105,912","113,519","182,362","395,377","399,768","13,611","2,048,266","11,332","2,053,112","42,316","157,921","43,019","150,976","196,925","107,660","107,516","84,070","72,666","151,777","266,412","133,296","2,046","49,722","109,729","148,360","13,493","39,876","38,973","141,585"
2022-07-01,"2,059,797","589,823","1,466,586","1,689,510","370,167","403,942","91,168","104,630","115,160","185,009","396,531","400,820","13,594","2,050,612","11,302","2,055,417","43,403","160,463","43,347","150,396","195,752","106,562","106,699","83,639","73,000","152,091","266,312","134,665","2,006","49,757","109,836","148,887","13,451","39,825","39,249","141,992"
2022-08-01,"2,064,750","591,297","1,469,997","1,693,330","371,202","403,834","91,248","104,147","115,459","185,804","396,460","401,796","13,651","2,055,440","11,429","2,060,265","44,796","159,047","44,641","150,605","195,347","106,765","107,372","83,370","73,178","151,850","266,546","135,558","1,958","49,823","109,665","149,353","13,655","40,160","39,462","142,653"
2022-09-01,"2,067,195","591,293","1,472,290","1,695,101","371,774","404,284","91,145","104,492","116,037","186,181","396,929","402,476","13,761","2,057,787","11,438","2,062,619","44,836","160,626","43,727","150,148","195,590","106,464","106,793","84,228","73,392","152,285","266,598","136,236","1,883","49,940","109,944","150,034","13,668","40,181","39,556","142,367"
2022-10-01,"2,067,700","587,934","1,475,763","1,693,365","373,794","399,561","90,336","103,497","116,341","183,731","392,195","404,476","13,695","2,058,145","11,574","2,063,040","44,711","158,324","42,975","151,378","193,786","107,407","106,767","85,050","73,209","151,832","266,591","136,360","1,835","49,870","110,062","150,651","13,851","40,245","39,562","143,616"
2022-11-01,"2,070,266","589,071","1,477,114","1,694,174","375,368","400,803","89,430","104,754","115,893","183,667","393,432","405,986","13,623","2,060,576","11,605","2,065,500","44,333","158,931","43,281","151,651","194,134","106,270","105,881","85,826","73,178","152,770","266,850","136,221","1,796","50,009","110,434","151,130","13,941","39,915","39,603","144,276"
2022-12-01,"2,068,372","584,131","1,479,648","1,691,101","376,329","396,925","89,405","104,555","115,990","180,335","389,579","407,230","13,441","2,058,573","11,566","2,063,507","43,980","154,293","43,412","150,853","193,909","106,071","107,255","84,955","72,869","152,242","267,456","136,968","1,757","50,018","110,848","151,561","13,965","40,204","39,748","144,679"
2023-01-01,"2,081,002","586,586","1,489,601","1,702,449","377,605","399,147","89,241","106,608","115,802","180,870","391,738","408,384","13,398","2,071,139","11,451","2,076,063","43,392","155,437","42,692","151,691","195,797","108,483","109,117","86,107","72,921","152,942","267,708","137,413","1,688","50,202","111,199","151,840","14,349","41,700","39,767","145,206"
2023-02-01,"2,082,338","586,204","1,491,341","1,702,732","378,724","401,141","88,152","107,963","116,295","182,705","393,715","409,725","13,555","2,072,725","11,173","2,077,543","42,740","157,262","42,871","150,154","196,058","107,982","108,669","86,198","73,400","152,903","268,335","137,789","1,643","50,397","111,690","152,228","14,029","41,562","39,829","145,676"
2023-03-01,"2,082,794","587,439","1,490,815","1,702,390","379,603","402,818","89,135","107,070","115,576","184,850","395,400","410,723","13,550","2,073,448","10,946","2,078,203","42,171","159,184","42,893","150,280","196,150","106,694","107,394","86,572","73,547","153,056","269,035","138,015","1,615","50,329","111,927","152,518","14,157","40,724","39,935","146,148"
2023-04-01,"2,080,836","586,836","1,489,552","1,702,156","378,083","402,599","88,430","106,928","116,006","185,881","395,149","409,083","13,637","2,071,666","10,841","2,076,383","41,600","160,042","42,882","150,444","195,303","105,013","107,506","86,780","73,840","152,662","270,272","138,153","1,572","50,352","112,095","152,634","14,294","40,928","40,075","144,232"
2023-05-01,"2,085,316","584,635","1,496,024","1,703,998","380,696","402,693","89,739","109,188","115,744","182,051","395,267","411,556","13,641","2,076,294","10,772","2,081,003","40,806","155,595","42,707","149,008","198,870","107,751","107,978","86,975","73,896","152,559","271,410","138,204","1,513","50,169","112,360","152,709","14,524","40,575","39,984","146,367"
2023-06-01,"2,081,904","582,802","1,494,461","1,699,736","381,511","402,499","89,495","108,872","116,497","183,080","395,073","412,463","13,487","2,072,937","10,802","2,077,686","40,187","156,788","42,240","148,043","198,312","105,771","107,389","86,452","73,791","152,648","272,264","138,399","1,466","50,091","112,484","152,964","14,518","40,121","40,019","146,892"
2023-07-01,"2,081,768","580,590","1,496,339","1,698,651","382,389","401,485","88,643","107,516","115,563","183,808","394,053","413,523","13,144","2,072,771","10,852","2,077,582","39,009","158,607","42,186","147,940","196,105","106,173","107,270","86,369","73,052","152,974","272,559","138,181","1,457","50,065","112,661","153,323","14,635","40,912","39,993","147,411"
2023-08-01,"2,082,521","579,356","1,498,194","1,698,729","383,027","401,356","87,748","107,291","115,650","183,722","393,915","414,200","12,683","2,073,439","10,999","2,078,367","37,759","160,552","41,777","148,011","194,984","108,593","106,549","87,088","72,534","153,609","272,428","137,974","1,415","49,861","112,644","153,680","14,672","40,174","39,964","147,738"
