"Current and capital accounts - Households, Canada, quarterly",,,,,,,,,,,,,,,,,,,,,,,,,,,,,,,,,,,,,,,,,,,,,,,,,,,,,,,,,,,,,,,,,,,,,,,,,,,,,,,,,,,,,,,,,,,,,,,,
Frequency: Quarterly,,,,,,,,,,,,,,,,,,,,,,,,,,,,,,,,,,,,,,,,,,,,,,,,,,,,,,,,,,,,,,,,,,,,,,,,,,,,,,,,,,,,,,,,,,,,,,,,
Table: 36-10-0112-01 (formerly CANSIM 380-0072),,,,,,,,,,,,,,,,,,,,,,,,,,,,,,,,,,,,,,,,,,,,,,,,,,,,,,,,,,,,,,,,,,,,,,,,,,,,,,,,,,,,,,,,,,,,,,,,
Release date: 2023-09-01,,,,,,,,,,,,,,,,,,,,,,,,,,,,,,,,,,,,,,,,,,,,,,,,,,,,,,,,,,,,,,,,,,,,,,,,,,,,,,,,,,,,,,,,,,,,,,,,
Geography: Canada,,,,,,,,,,,,,,,,,,,,,,,,,,,,,,,,,,,,,,,,,,,,,,,,,,,,,,,,,,,,,,,,,,,,,,,,,,,,,,,,,,,,,,,,,,,,,,,,
,,,,,,,,,,,,,,,,,,,,,,,,,,,,,,,,,,,,,,,,,,,,,,,,,,,,,,,,,,,,,,,,,,,,,,,,,,,,,,,,,,,,,,,,,,,,,,,,
,,,,,,,,,,,,,,,,,,,,,,,,,,,,,,,,,,,,,,,,,,,,,,,,,,,,,,,,,,,,,,,,,,,,,,,,,,,,,,,,,,,,,,,,,,,,,,,,
,,,,,,,,,,,,,,,,,,,,,,,,,,,,,,,,,,,,,,,,,,,,,,,,,,,,,,,,,,,,,,,,,,,,,,,,,,,,,,,,,,,,,,,,,,,,,,,,
Geography,Canada,,,,,,,,,,,,,,,,,,,,,,,,,,,,,,,,,,,,,,,,,,,,,,,,,,,,,,,,,,,,,,,,,,,,,,,,,,,,,,,,,,,,,,,,,,,,,,,
Seasonal adjustment,Seasonally adjusted at annual rates,,,,,,,,,,,,,,,,,,,,,,,,,,,,,,,,,,,,,,,,,,,,,,,,Unadjusted,,,,,,,,,,,,,,,,,,,,,,,,,,,,,,,,,,,,,,,,,,,,,,,
Estimates,"Compensation of employees 1  (x 1,000,000)","Paid to residents by resident entities 1  (x 1,000,000)","Paid to residents by non-resident entities 1  (x 1,000,000)","Plus: net mixed income 1  (x 1,000,000)","Non-farm 1  (x 1,000,000)","Farm 1  (x 1,000,000)","Rental income of households 1  (x 1,000,000)","Plus: net property income 1  (x 1,000,000)","Property income received 1  (x 1,000,000)","Less: property income paid 1  (x 1,000,000)","Equals: primary household income 1  (x 1,000,000)","Primary household income 2  (x 1,000,000)","Plus: current transfers received 2  (x 1,000,000)","From non-profit institutions serving households 2  (x 1,000,000)","From corporations 2  (x 1,000,000)","From general governments 2 3  (x 1,000,000)","Employment insurance benefits 2 3  (x 1,000,000)","Social security benefits 2  (x 1,000,000)","Other benefits 2 3  (x 1,000,000)","From non-residents 2  (x 1,000,000)","Less: current transfers paid 2  (x 1,000,000)","To non-profit institutions serving households 2  (x 1,000,000)","To corporations 2  (x 1,000,000)","To general governments 2  (x 1,000,000)","Personal income tax 2  (x 1,000,000)","Other current transfers 2  (x 1,000,000)","Of which: contributions to social insurance plans 2  (x 1,000,000)","To non-residents 2  (x 1,000,000)","Equals: household disposable income 2  (x 1,000,000)","Household disposable income 4  (x 1,000,000)","Less: household final consumption expenditure 4  (x 1,000,000)","Plus: change in pension entitlements 4  (x 1,000,000)","Equals: household net saving 4  (x 1,000,000)",Household saving rate 4,"Household net saving 5  (x 1,000,000)","Plus: consumption of fixed capital at replacement cost 5  (x 1,000,000)","Plus: net capital transfers received 5  (x 1,000,000)","From non-profit institutions serving households 5  (x 1,000,000)","From corporations 5  (x 1,000,000)","From general governments 3 5  (x 1,000,000)","From non-residents 5  (x 1,000,000)","Equals: gross saving and capital transfers 5  (x 1,000,000)","Less: non-financial capital acquisitions 5  (x 1,000,000)","Fixed capital 5  (x 1,000,000)","New assets 5  (x 1,000,000)","Existing assets 5  (x 1,000,000)","Inventories 5  (x 1,000,000)","Equals: net lending or net borrowing 5  (x 1,000,000)","Compensation of employees 1  (x 1,000,000)","Paid to residents by resident entities 1  (x 1,000,000)","Paid to residents by non-resident entities 1  (x 1,000,000)","Plus: net mixed income 1  (x 1,000,000)","Non-farm 1  (x 1,000,000)","Farm 1  (x 1,000,000)","Rental income of households 1  (x 1,000,000)","Plus: net property income 1  (x 1,000,000)","Property income received 1  (x 1,000,000)","Less: property income paid 1  (x 1,000,000)","Equals: primary household income 1  (x 1,000,000)","Primary household income 2  (x 1,000,000)","Plus: current transfers received 2  (x 1,000,000)","From non-profit institutions serving households 2  (x 1,000,000)","From corporations 2  (x 1,000,000)","From general governments 2 3  (x 1,000,000)","Employment insurance benefits 2 3  (x 1,000,000)","Social security benefits 2  (x 1,000,000)","Other benefits 2 3  (x 1,000,000)","From non-residents 2  (x 1,000,000)","Less: current transfers paid 2  (x 1,000,000)","To non-profit institutions serving households 2  (x 1,000,000)","To corporations 2  (x 1,000,000)","To general governments 2  (x 1,000,000)","Personal income tax 2  (x 1,000,000)","Other current transfers 2  (x 1,000,000)","Of which: contributions to social insurance plans 2  (x 1,000,000)","To non-residents 2  (x 1,000,000)","Equals: household disposable income 2  (x 1,000,000)","Household disposable income 4  (x 1,000,000)","Less: household final consumption expenditure 4  (x 1,000,000)","Plus: change in pension entitlements 4  (x 1,000,000)","Equals: household net saving 4  (x 1,000,000)",Household saving rate 4,"Household net saving 5  (x 1,000,000)","Plus: consumption of fixed capital at replacement cost 5  (x 1,000,000)","Plus: net capital transfers received 5  (x 1,000,000)","From non-profit institutions serving households 5  (x 1,000,000)","From corporations 5  (x 1,000,000)","From general governments 3 5  (x 1,000,000)","From non-residents 5  (x 1,000,000)","Equals: gross saving and capital transfers 5  (x 1,000,000)","Less: non-financial capital acquisitions 5  (x 1,000,000)","Fixed capital 5  (x 1,000,000)","New assets 5  (x 1,000,000)","Existing assets 5  (x 1,000,000)","Inventories 5  (x 1,000,000)","Equals: net lending or net borrowing 5  (x 1,000,000)"
Reference period,,,,,,,,,,,,,,,,,,,,,,,,,,,,,,,,,,,,,,,,,,,,,,,,,,,,,,,,,,,,,,,,,,,,,,,,,,,,,,,,,,,,,,,,,,,,,,,,
,Dollars,,,,,,,,,,,,,,,,,,,,,,,,,,,,,,,,,Percent,Dollars,,,,,,,,,,,,,,,,,,,,,,,,,,,,,,,,,,,,,,,,,,,,,,,Percent,Dollars,,,,,,,,,,,,,
Q1 2002,"586,108","585,104","1,004","109,972","46,136","6,048","57,788","74,628","111,560","36,932","770,708","770,708","145,824","2,648","37,116","104,104","12,904","32,408","58,792","1,956","282,160","9,952","70,168","199,740","135,624","64,116","56,896","2,300","634,372","634,372","634,584","33,052","32,840",5.2,"32,840","33,564","-5,196",-372,0,"-4,820",-4,"61,208","76,540","77,100","69,296","7,804",-560,"-15,332","143,894","143,636",258,"24,723","10,841",379,"13,503","18,386","27,540","9,154","187,003","187,003","37,215",655,"9,161","26,871","3,836","8,155","14,880",528,"68,919","2,445","16,644","49,347","31,278","18,069","16,072",483,"155,299","155,299","150,021","7,483","12,761",8.2,"12,761","8,388","-1,308",-100,0,"-1,207",-1,"19,841","14,961","17,035","15,031","2,004","-2,074","4,880"
Q2 2002,"592,032","591,020","1,012","111,004","46,668","5,924","58,412","71,380","107,900","36,520","774,416","774,416","146,560","2,744","37,728","104,136","12,884","32,712","58,540","1,952","284,980","10,060","65,776","206,484","141,828","64,656","56,436","2,660","635,996","635,996","648,388","28,048","15,656",2.5,"15,656","34,008","-3,740",-400,0,"-3,336",-4,"45,924","76,928","77,416","69,512","7,904",-488,"-31,004","149,928","149,677",251,"26,633","11,956",-187,"14,864","17,741","26,883","9,142","194,302","194,302","36,392",691,"9,483","25,756","3,056","8,206","14,494",462,"73,411","2,548","16,491","53,657","34,787","18,870","16,855",715,"157,283","157,283","165,002","7,008",-711,-0.5,-711,"8,452",-927,-92,0,-834,-1,"6,814","19,774","19,740","17,934","1,806",34,"-12,960"
Q3 2002,"599,780","598,752","1,028","112,056","47,124","6,132","58,800","71,248","108,524","37,276","783,084","783,084","147,584","2,768","38,008","104,832","12,944","33,256","58,632","1,976","283,512","10,112","64,824","205,880","141,368","64,512","57,292","2,696","647,156","647,156","656,668","26,816","17,304",2.7,"17,304","34,404","-3,932",-524,0,"-3,404",-4,"47,776","80,928","81,752","73,044","8,708",-824,"-33,152","151,021","150,772",249,"31,354","12,155","3,573","15,626","17,457","26,913","9,456","199,832","199,832","36,503",694,"9,552","25,748","2,962","8,254","14,532",509,"71,016","2,548","15,591","52,179","36,466","15,713","14,003",698,"165,319","165,319","164,385","6,039","6,973",4.2,"6,973","8,646",-978,-127,0,-850,-1,"14,641","24,221","22,253","19,897","2,356","1,968","-9,580"
Q4 2002,"609,212","608,172","1,040","113,948","48,160","6,296","59,492","70,928","109,400","38,472","794,088","794,088","150,328","2,756","38,444","107,148","12,616","33,312","61,220","1,980","291,612","10,140","68,304","210,740","145,032","65,708","58,588","2,428","652,804","652,804","666,780","29,860","15,884",2.4,"15,884","34,544","-3,944",-640,0,"-3,300",-4,"46,484","84,512","85,428","75,284","10,144",-916,"-38,028","151,940","151,677",263,"29,035","12,070","2,335","14,630","18,462","28,010","9,548","199,437","199,437","37,464",689,"9,628","26,680","2,983","8,307","15,390",467,"72,220","2,525","18,542","50,528","38,432","12,096","10,373",625,"164,681","164,681","172,197","8,914","1,398",0.8,"1,398","8,644",-990,-165,0,-824,-1,"9,052","20,771","21,396","18,922","2,474",-625,"-11,719"
Q1 2003,"613,824","612,852",972,"114,980","48,872","6,476","59,632","68,784","107,668","38,884","797,588","797,588","152,416","2,688","40,632","107,096","12,908","33,828","60,360","2,000","286,976","9,964","66,812","207,704","142,224","65,480","57,776","2,496","663,028","663,028","672,940","26,180","16,268",2.5,"16,268","34,088","-4,196",-820,0,"-3,372",-4,"46,160","86,324","85,880","75,892","9,988",444,"-40,164","150,842","150,592",250,"25,969","11,468",599,"13,902","16,754","26,457","9,703","193,565","193,565","39,116",664,"10,252","27,664","3,937","8,514","15,213",536,"70,505","2,450","15,778","51,753","33,258","18,495","16,395",524,"162,176","162,176","159,462","5,526","8,240",5.1,"8,240","8,509","-1,070",-223,0,-846,-1,"15,679","17,246","18,904","16,576","2,328","-1,658","-1,567"
Q2 2003,"615,924","614,964",960,"115,584","49,404","6,100","60,080","69,824","108,264","38,440","801,332","801,332","152,452","2,688","39,392","108,428","13,632","33,588","61,208","1,944","294,444","9,904","77,548","204,732","136,260","68,472","59,468","2,260","659,340","659,340","677,428","38,156","20,068",3,"20,068","34,528","-2,788",-672,0,"-2,112",-4,"51,808","88,456","87,852","77,120","10,732",604,"-36,648","155,944","155,706",238,"27,650","12,663",-332,"15,319","17,338","26,958","9,620","200,932","200,932","37,932",679,"9,950","26,844","3,298","8,418","15,128",459,"75,587","2,508","19,542","52,920","32,912","20,008","17,808",617,"163,277","163,277","172,330","9,592",539,0.3,539,"8,581",-679,-150,0,-528,-1,"8,441","22,520","22,439","19,911","2,528",81,"-14,079"
Q3 2003,"621,740","620,768",972,"117,036","50,544","6,048","60,444","70,188","109,816","39,628","808,964","808,964","152,904","2,756","39,684","108,528","13,420","34,180","60,928","1,936","300,376","10,104","73,108","214,944","145,956","68,988","61,204","2,220","661,492","661,492","687,100","33,424","7,816",1.2,"7,816","34,680","-2,704",-608,0,"-2,092",-4,"39,792","90,592","89,692","79,468","10,224",900,"-50,800","156,440","156,205",235,"32,939","13,055","3,799","16,085","17,354","27,338","9,984","206,733","206,733","37,660",691,"9,826","26,643","2,992","8,490","15,161",500,"74,982","2,546","17,327","54,525","37,652","16,873","15,004",584,"169,411","169,411","172,319","7,501","4,593",2.7,"4,593","8,729",-671,-147,0,-523,-1,"12,651","27,097","24,377","21,599","2,778","2,720","-14,446"
Q4 2003,"630,912","629,956",956,"118,532","51,628","6,680","60,224","69,580","108,952","39,372","819,024","819,024","154,980","2,836","40,632","109,624","13,484","34,600","61,540","1,888","304,912","10,428","72,376","219,832","148,904","70,928","63,168","2,276","669,092","669,092","687,360","31,744","13,476",2,"13,476","34,908","-2,616",-508,0,"-2,104",-4,"45,768","93,752","92,692","82,468","10,224","1,060","-47,984","157,374","157,132",242,"29,975","12,926","2,260","14,789","18,148","27,922","9,774","205,497","205,497","38,480",708,"10,057","27,268","3,134","8,627","15,507",447,"75,603","2,596","19,814","52,605","39,514","13,091","11,197",588,"168,374","168,374","177,096","9,757","1,035",0.6,"1,035","8,732",-656,-132,0,-523,-1,"9,111","22,918","23,309","20,651","2,658",-391,"-13,807"
Q1 2004,"641,972","640,924","1,048","119,924","52,484","6,820","60,620","71,768","111,864","40,096","833,664","833,664","158,216","3,012","41,928","111,356","13,440","35,232","62,684","1,920","313,832","10,948","76,816","223,484","154,548","68,936","60,584","2,584","678,048","678,048","700,760","34,888","12,176",1.8,"12,176","35,092","-2,632",-404,0,"-2,224",-4,"44,636","96,964","96,396","85,432","10,964",568,"-52,328","157,856","157,587",269,"27,147","12,226",827,"14,094","17,396","27,465","10,069","202,399","202,399","40,557",743,"10,550","28,749","4,075","8,859","15,815",515,"76,998","2,693","17,796","55,983","36,598","19,385","17,167",526,"165,958","165,958","166,111","7,246","7,093",4.3,"7,093","8,761",-670,-110,0,-559,-1,"15,184","19,999","21,428","18,847","2,581","-1,429","-4,815"
Q2 2004,"653,456","652,380","1,076","121,912","53,656","7,276","60,980","71,476","111,344","39,868","846,844","846,844","159,732","3,168","43,044","111,564","13,400","35,604","62,560","1,956","312,220","11,380","78,252","220,084","149,388","70,696","61,248","2,504","694,356","694,356","709,360","35,208","20,204",2.9,"20,204","35,576","-1,616",-328,0,"-1,284",-4,"54,164","98,400","97,720","86,788","10,932",680,"-44,236","165,389","165,122",267,"28,964","13,796",-392,"15,560","17,896","27,851","9,955","212,249","212,249","39,598",801,"10,753","27,579","3,191","8,926","15,462",465,"79,848","2,881","19,808","56,471","35,795","20,676","18,319",688,"171,999","171,999","180,358","9,055",696,0.4,696,"8,838",-393,-72,0,-320,-1,"9,141","24,722","25,235","22,506","2,729",-513,"-15,581"
Q3 2004,"661,952","660,872","1,080","123,232","54,456","7,476","61,300","74,152","113,972","39,820","859,336","859,336","160,724","3,252","43,396","112,148","13,236","35,836","63,076","1,928","317,612","11,608","76,424","226,952","156,424","70,528","62,280","2,628","702,448","702,448","717,072","33,028","18,404",2.6,"18,404","36,040","-1,764",-416,0,"-1,344",-4,"52,680","102,944","102,160","89,524","12,636",784,"-50,264","166,446","166,186",260,"34,818","14,134","4,340","16,344","18,245","28,282","10,037","219,509","219,509","39,581",817,"10,633","27,632","2,996","8,893","15,743",499,"79,341","2,922","18,157","57,571","40,358","17,213","15,220",691,"179,749","179,749","179,983","7,524","7,290",4.1,"7,290","9,057",-436,-100,0,-335,-1,"15,911","30,333","27,511","24,220","3,291","2,822","-14,422"
Q4 2004,"667,240","666,160","1,080","124,132","55,096","7,308","61,728","74,816","115,656","40,840","866,188","866,188","165,188","3,280","45,368","114,632","13,000","36,176","65,456","1,908","325,280","11,680","83,096","227,924","155,436","72,488","64,376","2,580","706,096","706,096","724,568","37,728","19,256",2.7,"19,256","36,232","-1,880",-540,0,"-1,336",-4,"53,608","105,164","104,344","91,624","12,720",820,"-51,556","166,464","166,189",275,"31,371","13,767","2,445","15,159","19,516","29,611","10,095","217,351","217,351","41,229",817,"11,498","28,465","3,007","9,034","16,424",449,"81,049","2,908","22,886","54,586","41,198","13,388","11,416",669,"177,531","177,531","186,488","11,388","2,431",1.4,"2,431","9,079",-474,-140,0,-333,-1,"11,036","25,814","25,981","22,769","3,212",-167,"-14,778"
Q1 2005,"675,680","674,588","1,092","123,772","55,468","6,660","61,644","77,084","118,932","41,848","876,536","876,536","162,036","3,260","43,480","113,316","13,072","36,504","63,740","1,980","334,716","11,588","80,468","239,896","166,444","73,452","64,588","2,764","703,856","703,856","738,364","36,988","2,480",0.4,"2,480","36,280","-1,928",-676,0,"-1,248",-4,"36,832","106,668","106,048","91,972","14,076",620,"-69,836","166,236","165,954",282,"28,814","12,890","1,594","14,330","18,909","29,375","10,466","213,959","213,959","41,095",804,"10,662","29,092","3,974","9,183","15,935",537,"82,311","2,852","18,592","60,331","39,740","20,591","18,230",536,"172,743","172,743","174,208","7,930","6,465",3.7,"6,465","9,015",-500,-185,0,-314,-1,"14,980","22,879","23,493","20,351","3,142",-614,"-7,899"
Q2 2005,"686,756","685,648","1,108","125,056","56,308","6,288","62,460","80,324","123,188","42,864","892,136","892,136","166,560","3,292","43,504","117,756","13,104","37,216","67,436","2,008","339,004","11,656","81,840","242,412","166,608","75,804","65,472","3,096","719,692","719,692","748,504","38,336","9,524",1.3,"9,524","37,120","-1,724",-736,0,-984,-4,"44,920","108,648","108,156","95,592","12,564",492,"-63,728","173,761","173,486",275,"29,510","14,493",-914,"15,931","19,980","30,674","10,694","223,251","223,251","41,456",834,"10,940","29,212","3,113","9,324","16,775",470,"86,773","2,953","20,990","61,976","39,823","22,153","19,593",854,"177,934","177,934","190,496","10,050","-2,512",-1.4,"-2,512","9,232",-413,-166,0,-246,-1,"6,307","27,388","28,122","24,967","3,155",-734,"-21,081"
Q3 2005,"698,516","697,408","1,108","126,580","57,268","5,972","63,340","80,944","125,208","44,264","906,040","906,040","165,944","3,348","42,968","117,644","12,728","37,372","67,544","1,984","347,100","11,860","91,076","241,004","166,552","74,452","65,316","3,160","724,884","724,884","757,540","48,108","15,452",2.1,"15,452","37,640","-1,816",-756,0,"-1,056",-4,"51,276","107,756","107,572","95,368","12,204",184,"-56,480","175,530","175,264",266,"35,108","14,884","3,352","16,872","19,943","30,996","11,053","230,581","230,581","41,315",841,"10,891","29,067","2,904","9,271","16,892",516,"86,170","2,982","21,427","60,926","42,852","18,074","15,866",835,"185,726","185,726","191,150","10,536","5,112",2.8,"5,112","9,507",-448,-183,0,-264,-1,"14,171","31,200","29,163","25,654","3,509","2,037","-17,029"
Q4 2005,"709,480","708,372","1,108","127,244","58,128","5,764","63,352","80,292","124,552","44,260","917,016","917,016","168,064","3,424","43,560","119,116","12,844","37,908","68,364","1,964","347,468","12,144","86,608","245,736","170,876","74,860","66,120","2,980","737,612","737,612","765,244","43,048","15,416",2.1,"15,416","38,004","-1,872",-708,0,"-1,160",-4,"51,548","111,176","110,952","97,700","13,252",224,"-59,628","177,081","176,800",281,"32,231","14,526","2,139","15,566","20,829","31,925","11,096","230,141","230,141","41,785",852,"10,885","29,587","2,946","9,472","17,169",461,"86,818","3,025","23,989","59,029","45,205","13,824","11,685",775,"185,108","185,108","196,559","13,104","1,653",0.9,"1,653","9,507",-474,-185,0,-288,-1,"10,686","27,095","27,404","24,186","3,218",-309,"-16,409"
Q1 2006,"719,292","718,116","1,176","127,496","58,680","5,112","63,704","84,520","132,644","48,124","931,308","931,308","186,284","3,536","50,208","130,556","13,148","39,048","78,360","1,984","357,752","12,604","92,688","249,604","172,440","77,164","67,756","2,856","759,840","759,840","779,144","42,480","23,176",3.1,"23,176","37,692","-1,868",-600,0,"-1,264",-4,"59,000","118,876","119,072","103,372","15,700",-196,"-59,876","177,092","176,789",303,"29,826","13,537","1,413","14,876","20,697","32,638","11,941","227,615","227,615","47,226",871,"12,578","33,242","3,980","9,694","19,568",535,"87,596","3,106","21,049","62,892","41,357","21,535","19,071",549,"187,245","187,245","184,019","8,471","11,697",6.2,"11,697","9,393",-483,-164,0,-318,-1,"20,607","25,548","26,288","22,815","3,473",-740,"-4,941"
Q2 2006,"732,208","731,024","1,184","130,548","59,828","5,172","65,548","79,540","131,764","52,224","942,296","942,296","177,272","3,584","50,136","121,584","11,944","39,376","70,264","1,968","358,980","12,812","88,552","254,704","176,408","78,296","67,696","2,912","760,588","760,588","789,056","38,416","9,948",1.3,"9,948","38,024","-2,048",-676,0,"-1,368",-4,"45,924","116,040","116,380","101,884","14,496",-340,"-70,116","185,188","184,895",293,"31,002","15,396","-1,123","16,729","19,794","32,809","13,015","235,984","235,984","44,204",908,"12,605","30,226","2,836","9,835","17,555",465,"92,406","3,246","23,282","65,060","42,157","22,903","20,245",818,"187,782","187,782","200,915","10,677","-2,456",-1.3,"-2,456","9,472",-498,-155,0,-342,-1,"6,518","29,752","30,585","26,857","3,728",-833,"-23,234"
Q3 2006,"743,484","742,296","1,188","132,096","60,764","5,408","65,924","85,324","139,144","53,820","960,904","960,904","182,652","3,660","51,516","125,500","12,448","40,024","73,028","1,976","362,312","13,084","91,912","254,408","176,924","77,484","68,112","2,908","781,244","781,244","799,500","40,396","22,140",2.8,"22,140","38,908","-2,116",-688,0,"-1,424",-4,"58,932","117,036","117,204","103,232","13,972",-168,"-58,104","186,645","186,359",286,"36,314","15,864","2,999","17,451","20,935","34,487","13,552","243,894","243,894","45,352",919,"12,794","31,127","2,839","9,977","18,311",512,"89,905","3,284","21,647","64,205","45,347","18,858","16,600",769,"199,341","199,341","202,316","8,853","5,878",2.9,"5,878","9,800",-523,-166,0,-356,-1,"15,155","33,486","31,776","27,767","4,009","1,710","-18,331"
Q4 2006,"754,300","753,088","1,212","133,872","61,628","5,604","66,640","88,508","144,868","56,360","976,680","976,680","184,900","3,716","51,520","127,668","12,452","40,780","74,436","1,996","365,756","13,276","90,144","259,608","181,408","78,200","68,924","2,728","795,824","795,824","806,868","38,624","27,580",3.5,"27,580","39,500","-2,300",-800,0,"-1,496",-4,"64,780","116,312","116,508","103,044","13,464",-196,"-51,532","188,396","188,088",308,"33,861","15,428","2,035","16,398","23,047","37,171","14,124","245,304","245,304","45,995",926,"12,868","31,732","2,843","10,301","18,588",469,"91,293","3,308","24,846","62,424","47,934","14,490","12,206",715,"200,006","200,006","206,392","11,978","5,592",2.8,"5,592","9,866",-579,-206,0,-372,-1,"14,879","28,280","28,642","25,444","3,198",-362,"-13,401"
Q1 2007,"768,088","766,812","1,276","136,668","63,008","5,732","67,928","88,920","146,808","57,888","993,676","993,676","187,264","3,764","53,576","127,864","12,724","41,008","74,132","2,060","368,680","13,392","99,276","252,548","180,780","71,768","62,388","3,464","812,260","812,260","821,208","45,700","36,752",4.5,"36,752","40,408","-2,528","-1,000",0,"-1,524",-4,"74,632","131,552","131,744","115,996","15,748",-192,"-56,920","189,263","188,935",328,"31,845","14,415","1,237","16,193","21,661","36,092","14,431","242,769","242,769","47,707",929,"13,312","32,908","3,830","10,339","18,739",558,"95,020","3,304","22,438","68,567","45,708","22,859","20,527",711,"195,456","195,456","194,441","9,126","10,141",5.2,"10,141","10,099",-656,-274,0,-381,-1,"19,584","27,370","28,483","24,908","3,575","-1,113","-7,786"
Q2 2007,"780,652","779,384","1,268","138,312","64,492","6,020","67,800","96,580","157,064","60,484","1,015,544","1,015,544","191,212","3,816","54,136","131,232","11,832","41,896","77,504","2,028","396,360","13,524","95,124","283,568","200,008","83,560","72,892","4,144","810,396","810,396","837,348","40,988","14,036",1.7,"14,036","41,088","-2,288","-1,080",0,"-1,204",-4,"52,836","129,072","129,620","114,368","15,252",-548,"-76,236","197,330","197,017",313,"32,502","16,617","-1,409","17,294","23,701","38,730","15,029","253,533","253,533","47,889",967,"13,590","32,855","2,943","10,495","19,417",477,"102,975","3,427","24,947","73,466","49,279","24,187","21,457","1,135","198,447","198,447","213,539","11,357","-3,735",-1.9,"-3,735","10,246",-551,-249,0,-301,-1,"5,960","33,081","34,297","30,528","3,769","-1,216","-27,121"
Q3 2007,"786,024","784,768","1,256","139,368","64,960","6,140","68,268","92,788","154,488","61,700","1,018,180","1,018,180","198,424","3,836","54,824","137,764","12,760","42,864","82,140","2,000","402,096","13,572","97,576","286,740","198,956","87,784","78,648","4,208","814,508","814,508","846,584","42,752","10,676",1.3,"10,676","41,816","-2,300","-1,096",0,"-1,200",-4,"50,192","128,700","129,080","115,020","14,060",-380,"-78,508","197,096","196,793",303,"38,840","17,026","3,910","17,904","22,805","38,248","15,443","258,741","258,741","49,209",961,"13,662","34,071","2,938","10,618","20,515",515,"96,236","3,400","22,990","68,756","48,998","19,758","17,510","1,090","211,714","211,714","213,500","9,328","7,542",3.6,"7,542","10,503",-567,-266,0,-300,-1,"17,478","37,338","34,956","30,933","4,023","2,382","-19,860"
Q4 2007,"795,488","794,248","1,240","141,020","65,060","6,116","69,844","91,128","156,308","65,180","1,027,636","1,027,636","201,276","3,888","55,244","140,204","12,928","43,160","84,116","1,940","400,796","13,728","99,344","283,828","198,460","85,368","76,212","3,896","828,116","828,116","862,976","44,100","9,240",1.1,"9,240","42,624","-2,224","-1,044",0,"-1,176",-4,"49,640","132,256","132,424","117,092","15,332",-168,"-82,616","198,874","198,558",316,"35,655","16,322","2,264","17,069","24,187","40,597","16,410","258,716","258,716","49,739",969,"13,881","34,432","2,850","10,780","20,802",457,"97,752","3,423","27,455","65,882","50,566","15,316","13,041",992,"210,703","210,703","220,549","13,574","3,728",1.8,"3,728","10,636",-561,-266,0,-294,-1,"13,803","32,606","32,981","29,250","3,731",-375,"-18,803"
Q1 2008,"809,336","807,980","1,356","143,616","64,860","7,240","71,516","96,292","161,332","65,040","1,049,244","1,049,244","207,192","3,944","53,700","147,524","13,024","44,532","89,968","2,024","412,828","13,904","104,064","290,588","206,100","84,488","75,336","4,272","843,608","843,608","873,300","50,364","20,672",2.5,"20,672","43,328",-460,-596,0,140,-4,"63,540","136,512","136,104","118,900","17,204",408,"-72,972","199,531","199,185",346,"32,653","14,735",885,"17,033","23,320","39,654","16,334","255,504","255,504","53,055",974,"13,543","37,992","3,900","11,223","22,869",546,"106,833","3,434","23,645","78,797","52,084","26,713","24,423",957,"201,726","201,726","206,940","10,102","4,888",2.4,"4,888","10,816",-137,-171,0,35,-1,"15,567","27,380","29,162","25,433","3,729","-1,782","-11,813"
Q2 2008,"818,472","817,108","1,364","144,612","64,280","8,224","72,108","94,788","159,204","64,416","1,057,872","1,057,872","199,000","3,976","55,496","137,476","12,716","45,160","79,600","2,052","398,852","14,028","103,988","276,608","194,260","82,348","72,932","4,228","858,020","858,020","880,684","48,492","25,828",3,"25,828","44,404",-808,"-1,000",0,196,-4,"69,424","136,016","135,376","119,280","16,096",640,"-66,592","206,762","206,426",336,"32,840","16,541","-1,983","18,282","23,277","39,221","15,944","262,879","262,879","49,796","1,007","14,022","34,282","3,167","11,314","19,801",485,"104,021","3,551","28,169","71,170","47,845","23,325","20,938","1,131","208,654","208,654","224,509","14,147","-1,708",-0.8,"-1,708","11,063",-187,-235,0,49,-1,"9,168","33,778","35,743","31,649","4,094","-1,965","-24,610"
Q3 2008,"822,476","821,100","1,376","144,984","63,760","9,016","72,208","96,624","161,884","65,260","1,064,084","1,064,084","204,504","3,972","56,140","142,312","12,996","45,740","83,576","2,080","393,872","14,072","97,228","278,376","196,780","81,596","71,992","4,196","874,716","874,716","888,472","41,088","27,332",3.1,"27,332","44,956","-1,088","-1,280",0,196,-4,"71,200","135,196","133,596","119,212","14,384","1,600","-63,996","206,024","205,691",333,"42,292","16,833","6,546","18,913","24,161","40,468","16,307","272,477","272,477","50,684",994,"13,930","35,220","3,005","11,324","20,891",540,"94,029","3,521","22,813","66,618","48,450","18,168","15,794","1,077","229,132","229,132","223,636","8,883","14,379",6.3,"14,379","11,334",-266,-314,0,49,-1,"25,447","41,222","36,279","32,070","4,209","4,943","-15,775"
Q4 2008,"822,148","820,720","1,428","142,456","62,180","8,256","72,020","96,664","157,632","60,968","1,061,268","1,061,268","206,056","3,924","56,176","143,756","14,380","46,272","83,104","2,200","394,056","13,984","97,820","278,240","192,652","85,588","75,772","4,012","873,268","873,268","871,580","41,644","43,332",5,"43,332","45,608","-1,536","-1,736",0,204,-4,"87,404","133,844","132,796","115,788","17,008","1,048","-46,440","205,791","205,425",366,"36,132","15,661","2,736","17,735","25,334","40,670","15,336","267,257","267,257","50,653",979,"13,883","35,273","3,207","11,565","20,501",518,"95,019","3,491","26,148","64,368","49,069","15,299","12,853","1,012","222,891","222,891","223,424","12,265","11,732",5.3,"11,732","11,361",-383,-433,0,51,-1,"22,710","33,012","33,284","29,143","4,141",-272,"-10,302"
Q1 2009,"812,092","810,712","1,380","142,312","60,968","6,216","75,128","97,024","156,108","59,084","1,051,428","1,051,428","212,136","3,596","58,672","147,648","16,960","47,276","83,412","2,220","393,636","13,064","94,968","280,664","193,552","87,112","77,208","4,940","869,928","869,928","866,320","36,296","39,904",4.6,"39,904","46,076",-440,-760,0,324,-4,"85,540","119,156","119,700","105,892","13,808",-544,"-33,616","200,279","199,928",351,"32,515","13,849",800,"17,866","23,816","38,597","14,781","256,610","256,610","54,596",888,"14,855","38,253","5,056","11,920","21,277",600,"102,622","3,229","22,068","76,164","48,903","27,261","24,775","1,161","208,584","208,584","204,871","7,213","10,926",5.2,"10,926","11,496",-257,-337,0,81,-1,"22,165","23,697","25,433","22,875","2,558","-1,736","-1,532"
Q2 2009,"807,084","805,712","1,372","143,912","61,896","6,096","75,920","96,564","152,396","55,832","1,047,560","1,047,560","213,296","3,604","55,504","152,008","19,184","47,416","85,408","2,180","386,632","13,092","97,288","271,872","186,772","85,100","74,832","4,380","874,224","874,224","873,628","41,784","42,380",4.8,"42,380","46,356",-956,"-1,208",0,256,-4,"87,780","121,384","122,724","111,660","11,064","-1,340","-33,604","203,827","203,490",337,"33,340","15,863","-2,012","19,489","23,893","37,785","13,892","261,060","261,060","53,413",912,"14,065","37,924","4,800","11,871","21,253",512,"100,599","3,311","26,197","69,941","45,947","23,994","21,391","1,150","213,874","213,874","222,772","12,132","3,234",1.5,"3,234","11,553",-240,-303,0,64,-1,"14,547","30,735","32,719","29,894","2,825","-1,984","-16,188"
Q3 2009,"808,080","806,720","1,360","145,460","63,084","5,660","76,716","96,748","151,440","54,692","1,050,288","1,050,288","222,100","3,676","59,248","157,044","19,748","48,108","89,188","2,132","381,352","13,316","97,740","265,748","181,676","84,072","73,544","4,548","891,036","891,036","886,432","38,492","43,096",4.8,"43,096","46,708","-1,160","-1,468",0,312,-4,"88,644","124,012","123,716","112,624","11,092",296,"-35,368","202,210","201,880",330,"41,650","16,677","4,935","20,038","24,060","37,704","13,644","267,920","267,920","54,889",920,"14,581","38,838","4,598","11,920","22,320",550,"90,996","3,329","22,864","63,646","44,794","18,852","16,252","1,157","231,813","231,813","223,926","8,283","16,170",7,"16,170","11,772",-208,-285,0,78,-1,"27,734","37,281","33,651","30,187","3,464","3,630","-9,547"
Q4 2009,"814,968","813,636","1,332","146,996","64,428","5,516","77,052","95,852","148,480","52,628","1,057,816","1,057,816","225,568","3,796","61,364","158,312","19,396","48,708","90,208","2,096","379,444","13,692","97,020","264,284","177,700","86,584","75,976","4,448","903,940","903,940","900,400","35,656","39,196",4.3,"39,196","46,776","-1,288","-1,688",0,404,-4,"84,684","128,352","128,144","117,184","10,960",208,"-43,668","204,240","203,897",343,"37,165","16,205","2,149","18,811","24,778","38,020","13,242","266,183","266,183","55,377",948,"15,196","38,738","4,368","12,166","22,204",495,"91,049","3,422","25,625","60,891","45,281","15,610","12,972","1,111","230,511","230,511","230,126","10,429","10,814",4.7,"10,814","11,658",-256,-356,0,101,-1,"22,216","31,513","31,768","28,884","2,884",-255,"-9,297"
Q1 2010,"820,544","819,292","1,252","147,392","64,320","5,472","77,600","97,716","150,976","53,260","1,065,652","1,065,652","226,692","3,904","62,980","157,740","17,940","48,656","91,144","2,068","367,044","14,032","99,344","249,120","163,744","85,376","74,832","4,548","925,300","925,300","911,508","36,364","50,156",5.4,"50,156","47,200",-968,"-1,596",0,632,-4,"96,388","136,228","136,076","119,896","16,180",152,"-39,840","202,435","202,117",318,"33,712","14,468",806,"18,438","24,090","37,353","13,263","260,237","260,237","58,294",965,"15,739","41,036","5,274","12,278","23,484",554,"95,493","3,470","23,152","67,778","41,302","26,476","23,833","1,093","223,038","223,038","215,411","7,413","15,040",6.7,"15,040","11,765",-176,-333,0,158,-1,"26,629","27,653","29,031","25,988","3,043","-1,378","-1,024"
Q2 2010,"829,788","828,548","1,240","149,728","65,384","5,476","78,868","97,428","151,372","53,944","1,076,944","1,076,944","232,876","4,016","65,100","161,648","17,732","49,000","94,916","2,112","395,952","14,408","104,036","273,212","188,132","85,080","74,384","4,296","913,868","913,868","919,440","38,936","33,364",3.7,"33,364","47,388",-996,"-1,464",0,472,-4,"79,756","131,716","132,140","119,288","12,852",-424,"-51,960","209,494","209,190",304,"35,229","16,793","-1,750","20,186","24,257","37,426","13,169","268,980","268,980","58,038","1,015","16,378","40,146","4,376","12,252","23,518",499,"103,458","3,641","28,351","70,364","46,258","24,106","21,400","1,102","223,560","223,560","234,494","11,973","1,039",0.5,"1,039","11,806",-57,-174,0,118,-1,"12,788","33,705","35,131","31,824","3,307","-1,426","-20,917"
Q3 2010,"840,236","838,996","1,240","152,364","65,836","6,088","80,440","98,108","152,084","53,976","1,090,708","1,090,708","231,376","4,092","65,160","159,996","17,652","49,468","92,876","2,128","394,012","14,684","102,812","272,124","185,384","86,740","75,992","4,392","928,072","928,072","930,732","37,652","34,992",3.8,"34,992","47,928",-796,"-1,252",0,460,-4,"82,124","133,696","133,768","121,648","12,120",-72,"-51,572","210,129","209,827",302,"42,763","17,490","4,228","21,045","24,023","37,757","13,734","276,915","276,915","57,140","1,023","15,986","39,582","4,110","12,272","23,200",549,"94,023","3,669","23,890","65,350","45,702","19,648","16,988","1,114","240,032","240,032","234,959","7,904","12,977",5.4,"12,977","12,082",-210,-324,0,115,-1,"24,849","39,394","36,519","32,692","3,827","2,875","-14,545"
Q4 2010,"853,192","851,984","1,208","155,036","66,812","6,572","81,652","100,252","155,644","55,392","1,108,480","1,108,480","238,656","4,140","65,344","167,084","17,380","50,408","99,296","2,088","402,012","14,872","104,696","278,040","189,396","88,644","77,640","4,404","945,124","945,124","945,200","39,352","39,276",4.2,"39,276","48,376",-648,"-1,116",0,472,-4,"87,004","135,588","135,780","121,044","14,736",-192,"-48,584","213,882","213,571",311,"39,426","16,837","2,618","19,971","26,006","39,983","13,977","279,314","279,314","58,928","1,035","16,543","40,853","3,916","12,581","24,356",497,"96,781","3,719","27,329","64,632","48,402","16,230","13,491","1,101","241,461","241,461","241,856","10,786","10,391",4.3,"10,391","12,070",-409,-526,0,118,-1,"22,052","33,555","33,760","29,965","3,795",-205,"-11,503"
Q1 2011,"869,600","868,384","1,216","155,284","66,836","6,436","82,012","104,648","160,164","55,516","1,129,532","1,129,532","232,800","4,136","64,572","162,052","16,616","51,024","94,412","2,040","411,944","14,916","109,700","282,768","195,476","87,292","76,276","4,560","950,388","950,388","952,556","45,128","42,960",4.5,"42,960","48,440",-928,"-1,672",0,752,-8,"90,472","139,564","139,108","123,352","15,756",456,"-49,092","214,464","214,155",309,"35,569","15,021",944,"19,604","25,866","39,809","13,943","275,899","275,899","59,363","1,022","15,827","41,968","4,841","12,882","24,245",546,"106,579","3,690","25,688","76,088","49,200","26,888","24,123","1,113","228,683","228,683","225,899","9,861","12,645",5.5,"12,645","12,037",-231,-417,0,188,-2,"24,451","28,134","29,603","26,725","2,878","-1,469","-3,683"
Q2 2011,"875,820","874,608","1,212","156,856","66,924","6,768","83,164","105,436","160,500","55,064","1,138,112","1,138,112","238,436","4,092","65,856","166,436","16,132","52,164","98,140","2,052","422,900","14,824","116,452","287,216","195,824","91,392","80,308","4,408","953,648","953,648","963,132","50,596","41,112",4.3,"41,112","48,892","-1,356","-1,524",0,176,-8,"88,648","135,976","135,880","123,012","12,868",96,"-47,328","221,100","220,802",298,"36,796","17,196","-1,533","21,133","26,039","39,530","13,491","283,935","283,935","59,421","1,034","16,659","41,240","3,929","13,033","24,278",488,"111,023","3,744","32,039","74,125","48,154","25,971","23,171","1,115","232,333","232,333","245,096","15,380","2,617",1.1,"2,617","12,212",-340,-382,0,44,-2,"14,489","34,778","36,413","33,014","3,399","-1,635","-20,289"
Q3 2011,"884,344","883,136","1,208","158,536","67,708","7,440","83,388","111,040","165,612","54,572","1,153,920","1,153,920","236,972","4,072","66,860","163,972","15,368","52,820","95,784","2,068","428,032","14,780","115,976","292,780","201,172","91,608","80,396","4,496","962,860","962,860","970,660","49,116","41,316",4.3,"41,316","48,988","-1,320","-1,484",0,172,-8,"88,984","136,932","136,644","125,044","11,600",288,"-47,948","221,204","220,911",293,"44,555","17,982","4,841","21,732","27,252","40,950","13,698","293,011","293,011","59,090","1,018","16,899","40,639","3,617","13,117","23,905",534,"102,061","3,694","26,828","70,404","49,577","20,827","18,049","1,135","250,040","250,040","244,664","9,929","15,305",6.1,"15,305","12,359",-319,-360,0,43,-2,"27,345","40,631","37,110","33,537","3,573","3,521","-13,286"
Q4 2011,"894,816","893,592","1,224","160,028","68,120","7,788","84,120","109,216","162,384","53,168","1,164,060","1,164,060","239,300","4,076","68,420","164,680","15,196","52,824","96,660","2,124","421,864","14,764","111,328","291,176","199,204","91,972","80,696","4,596","981,496","981,496","981,988","42,908","42,416",4.3,"42,416","49,768","-1,168","-1,400",0,240,-8,"91,016","132,988","133,552","125,344","8,208",-564,"-41,972","224,377","224,062",315,"40,756","17,198","2,856","20,702","28,428","41,876","13,448","293,561","293,561","59,003","1,020","17,042","40,438","3,441","13,176","23,821",503,"101,522","3,693","28,809","67,868","50,988","16,880","14,076","1,152","251,042","251,042","251,425","11,767","11,384",4.5,"11,384","12,414",-303,-361,0,60,-2,"23,495","32,822","33,170","30,912","2,258",-348,"-9,327"
Q1 2012,"904,796","903,536","1,260","161,544","68,452","7,300","85,792","112,580","167,848","55,268","1,178,920","1,178,920","245,428","4,156","71,500","167,700","15,724","53,660","98,316","2,072","434,904","15,064","118,412","296,912","203,548","93,364","82,016","4,516","989,444","989,444","989,668","46,912","46,688",4.7,"46,688","49,400",-332,"-1,232",0,908,-8,"95,756","149,096","148,932","134,856","14,076",164,"-53,340","223,004","222,683",321,"36,742","15,331",928,"20,483","27,703","41,709","14,006","287,449","287,449","62,986","1,028","17,994","43,412","4,578","13,559","25,275",552,"112,571","3,725","28,111","79,619","51,112","28,507","25,658","1,116","237,864","237,864","235,285","10,117","12,696",5.3,"12,696","12,305",-98,-323,0,227,-2,"24,903","29,777","31,572","29,222","2,350","-1,795","-4,874"
Q2 2012,"916,868","915,604","1,264","161,536","68,304","7,004","86,228","114,812","170,236","55,424","1,193,216","1,193,216","244,108","4,236","71,212","166,552","15,076","53,424","98,052","2,108","443,236","15,344","118,868","304,404","208,996","95,408","84,092","4,620","994,088","994,088","993,188","47,656","48,556",4.9,"48,556","50,144","-1,040","-1,220",0,188,-8,"97,660","137,992","137,556","127,256","10,300",436,"-40,332","231,453","231,141",312,"36,913","17,570","-2,489","21,832","28,610","42,084","13,474","296,976","296,976","60,646","1,069","17,840","41,234","3,645","13,325","24,264",503,"116,206","3,873","32,368","78,804","51,448","27,356","24,505","1,161","241,416","241,416","253,132","14,528","2,812",1.2,"2,812","12,525",-277,-322,0,47,-2,"15,060","35,353","37,051","34,260","2,791","-1,698","-20,293"
Q3 2012,"928,328","927,076","1,252","163,516","67,740","7,788","87,988","114,144","170,120","55,976","1,205,988","1,205,988","246,432","4,304","72,304","167,728","15,536","53,376","98,816","2,096","445,460","15,548","120,104","305,152","207,104","98,048","86,624","4,656","1,006,960","1,006,960","1,000,460","47,800","54,300",5.4,"54,300","51,928","-1,084","-1,264",0,188,-8,"105,144","140,488","139,688","129,648","10,040",800,"-35,344","232,271","231,967",304,"46,771","18,041","5,755","22,975","27,975","42,044","14,069","307,017","307,017","61,031","1,076","17,854","41,561","3,704","13,277","24,580",540,"106,234","3,888","27,782","73,397","51,038","22,359","19,525","1,167","261,814","261,814","252,417","9,928","19,325",7.4,"19,325","13,093",-265,-310,0,47,-2,"32,153","41,900","37,868","34,704","3,164","4,032","-9,747"
Q4 2012,"935,968","934,728","1,240","165,128","67,700","7,952","89,476","117,416","173,140","55,724","1,218,512","1,218,512","248,280","4,352","73,356","168,452","15,332","53,372","99,748","2,120","452,276","15,696","120,796","311,064","213,356","97,708","86,320","4,720","1,014,516","1,014,516","1,008,896","47,440","53,060",5.2,"53,060","51,144","-1,228","-1,424",0,204,-8,"102,976","145,276","145,588","130,380","15,208",-312,"-42,300","234,762","234,445",317,"42,505","17,107","3,317","22,081","30,450","44,499","14,049","307,717","307,717","61,399","1,089","18,405","41,401","3,490","13,297","24,614",504,"108,958","3,927","31,284","72,563","54,653","17,910","15,075","1,184","260,158","260,158","257,219","12,879","15,818",6.1,"15,818","12,731",-281,-330,0,51,-2,"28,268","36,183","36,450","32,349","4,101",-267,"-7,915"
Q1 2013,"947,684","946,332","1,352","166,168","67,380","8,752","90,036","116,656","172,356","55,700","1,230,508","1,230,508","255,792","4,256","75,424","173,992","14,520","54,868","104,604","2,120","450,060","15,120","119,980","310,064","209,828","100,236","88,492","4,896","1,036,240","1,036,240","1,021,024","44,556","59,772",5.8,"59,772","51,508","-1,452","-1,628",0,184,-8,"109,828","146,608","145,164","132,700","12,464","1,444","-36,780","233,568","233,223",345,"37,093","14,904",724,"21,465","28,837","42,941","14,104","299,498","299,498","65,204","1,050","18,672","44,918","4,183","13,907","26,828",564,"117,027","3,737","28,221","83,855","53,121","30,734","27,780","1,214","247,675","247,675","242,136","9,549","15,088",6.1,"15,088","13,007",-328,-372,0,46,-2,"27,767","28,942","31,061","28,651","2,410","-2,119","-1,175"
Q2 2013,"953,120","951,752","1,368","167,244","67,432","8,440","91,372","118,684","174,252","55,568","1,239,048","1,239,048","256,856","4,272","77,304","173,116","14,624","56,004","102,488","2,164","453,888","15,168","120,224","313,592","213,204","100,388","88,632","4,904","1,042,016","1,042,016","1,032,568","42,920","52,368",5,"52,368","53,420","-1,488","-1,676",0,196,-8,"104,300","154,936","153,856","139,384","14,472","1,080","-50,636","240,688","240,351",337,"37,925","17,392","-2,607","23,140","29,583","43,110","13,527","308,196","308,196","63,893","1,078","19,447","42,852","3,594","13,966","25,292",516,"119,322","3,828","33,258","81,015","52,149","28,866","25,932","1,221","252,767","252,767","263,034","13,811","3,544",1.4,"3,544","13,282",-391,-438,0,49,-2,"16,435","39,062","41,182","37,332","3,850","-2,120","-22,627"
Q3 2013,"962,004","960,620","1,384","168,224","68,672","8,212","91,340","120,344","177,040","56,696","1,250,572","1,250,572","258,492","4,264","76,000","176,040","15,676","56,532","103,832","2,188","460,640","15,128","122,676","317,840","216,732","101,108","89,420","4,996","1,048,424","1,048,424","1,044,832","46,676","50,268",4.8,"50,268","55,052","-1,772","-1,956",0,192,-8,"103,548","150,512","148,620","137,092","11,528","1,892","-46,964","240,643","240,308",335,"49,598","18,499","7,259","23,840","29,350","43,613","14,263","319,591","319,591","64,599","1,067","19,142","43,826","3,762","14,092","25,972",564,"109,693","3,784","28,398","76,256","53,405","22,851","19,938","1,255","274,497","274,497","263,927","9,256","19,826",7.2,"19,826","13,671",-432,-478,0,48,-2,"33,065","45,568","40,031","36,626","3,405","5,537","-12,503"
Q4 2013,"973,916","972,512","1,404","169,220","67,872","8,012","93,336","120,756","177,720","56,964","1,263,892","1,263,892","262,968","4,224","78,576","177,976","15,492","58,312","104,172","2,192","466,364","15,032","123,928","322,192","219,864","102,328","90,356","5,212","1,060,496","1,060,496","1,053,920","45,352","51,928",4.9,"51,928","53,448","-1,756","-1,940",0,192,-8,"103,620","155,680","155,376","140,208","15,168",304,"-52,060","244,282","243,922",360,"43,098","17,044","2,978","23,076","31,340","45,678","14,338","318,720","318,720","64,831","1,059","19,565","43,685","3,539","14,464","25,682",522,"111,696","3,763","31,825","74,796","56,232","18,564","15,575","1,312","271,855","271,855","268,989","12,260","15,126",5.6,"15,126","13,397",-466,-512,0,48,-2,"28,057","38,362","38,480","34,737","3,743",-118,"-10,305"
Q1 2014,"981,384","979,912","1,472","168,968","68,860","6,148","93,960","125,976","181,320","55,344","1,276,328","1,276,328","263,216","4,252","80,320","176,392","15,300","57,456","103,636","2,252","471,860","15,008","123,944","328,092","224,660","103,432","91,572","4,816","1,067,684","1,067,684","1,065,680","43,624","45,628",4.3,"45,628","54,728","-1,652","-1,836",0,188,-4,"98,704","152,164","152,668","139,032","13,636",-504,"-53,460","241,816","241,438",378,"38,481","15,375",729,"22,377","31,015","45,009","13,994","311,312","311,312","67,087","1,049","20,051","45,386","4,418","14,536","26,432",601,"123,484","3,703","29,332","89,241","57,520","31,721","28,701","1,208","254,915","254,915","252,434","9,281","11,762",4.6,"11,762","13,626",-433,-479,0,47,-1,"24,955","30,814","32,336","29,919","2,417","-1,522","-5,859"
Q2 2014,"991,524","990,040","1,484","171,856","69,700","7,112","95,044","125,836","181,524","55,688","1,289,216","1,289,216","262,188","4,300","78,420","177,208","15,788","57,648","103,772","2,260","478,080","15,168","128,680","329,256","225,820","103,436","91,688","4,976","1,073,324","1,073,324","1,082,060","50,260","41,524",3.9,"41,524","54,600","-1,860","-1,992",0,136,-4,"94,264","152,832","154,236","141,636","12,600","-1,404","-58,568","250,420","250,055",365,"39,310","17,951","-2,684","24,043","31,247","44,825","13,578","320,977","320,977","65,321","1,087","19,785","43,910","3,882","14,358","25,670",539,"124,541","3,836","34,880","84,582","54,904","29,678","26,775","1,243","261,757","261,757","275,375","15,095","1,477",0.6,"1,477","13,641",-423,-456,0,34,-1,"14,695","39,551","41,429","38,075","3,354","-1,878","-24,856"
Q3 2014,"1,004,236","1,002,740","1,496","173,060","70,468","6,584","96,008","124,236","180,156","55,920","1,301,532","1,301,532","267,852","4,356","81,308","179,968","15,388","58,300","106,280","2,220","478,252","15,368","124,904","333,044","229,208","103,836","91,864","4,936","1,091,132","1,091,132","1,093,188","43,596","41,540",3.8,"41,540","55,492","-2,044","-2,180",0,140,-4,"94,988","156,076","157,468","144,800","12,668","-1,392","-61,088","251,061","250,700",361,"49,606","18,755","5,760","25,091","30,180","44,284","14,104","330,847","330,847","66,853","1,090","20,333","44,857","3,683","14,545","26,629",573,"114,459","3,846","29,704","79,677","56,341","23,336","20,371","1,232","283,241","283,241","276,770","9,371","15,842",5.6,"15,842","14,117",-485,-519,0,35,-1,"29,474","45,784","42,672","38,749","3,923","3,112","-16,310"
Q4 2014,"1,007,844","1,006,324","1,520","174,432","70,900","6,652","96,880","128,028","184,504","56,476","1,310,304","1,310,304","271,356","4,388","83,084","181,608","15,872","58,884","106,852","2,276","487,180","15,492","131,360","335,380","229,760","105,620","93,508","4,948","1,094,480","1,094,480","1,104,084","48,276","38,672",3.5,"38,672","55,528","-2,432","-2,568",0,140,-4,"91,768","162,720","163,784","148,992","14,792","-1,064","-70,952","252,950","252,561",389,"44,682","17,901","2,819","23,962","33,577","47,758","14,181","331,209","331,209","66,892","1,098","20,614","44,641","3,604","14,633","26,404",539,"116,359","3,874","33,306","77,943","58,597","19,346","16,311","1,236","281,742","281,742","281,674","12,692","12,760",4.5,"12,760","13,703",-656,-690,0,35,-1,"25,807","39,799","40,602","36,872","3,730",-803,"-13,992"
Q1 2015,"1,019,332","1,017,764","1,568","175,608","69,888","7,316","98,404","131,568","189,180","57,612","1,326,508","1,326,508","281,828","4,368","85,684","189,400","16,484","59,376","113,540","2,376","490,588","15,100","129,876","340,036","233,384","106,652","94,456","5,576","1,117,748","1,117,748","1,105,264","44,196","56,680",5.1,"56,680","56,652","-2,628","-2,760",0,136,-4,"110,704","189,432","190,184","158,064","32,120",-752,"-78,728","251,399","250,995",404,"39,936","15,527",966,"23,443","32,388","46,850","14,462","323,723","323,723","71,815","1,077","21,372","48,729","4,837","14,995","28,897",637,"128,746","3,720","30,285","93,343","60,440","32,903","29,781","1,398","266,792","266,792","261,709","8,914","13,997",5.2,"13,997","14,143",-722,-755,0,34,-1,"27,418","38,434","40,292","34,332","5,960","-1,858","-11,016"
Q2 2015,"1,025,220","1,023,620","1,600","177,252","69,840","7,960","99,452","140,488","196,588","56,100","1,342,960","1,342,960","286,148","4,432","88,964","190,368","17,040","60,056","113,272","2,384","501,588","15,252","133,972","346,708","239,440","107,268","94,704","5,656","1,127,520","1,127,520","1,114,204","45,008","58,324",5.2,"58,324","57,004","-2,252","-2,356",0,108,-4,"113,076","161,648","162,444","148,280","14,164",-796,"-48,572","258,587","258,196",391,"40,455","18,067","-2,741","25,129","34,690","48,378","13,688","333,732","333,732","71,081","1,118","22,410","46,988","4,115","14,960","27,913",565,"130,791","3,849","36,799","88,731","57,945","30,786","27,704","1,412","274,022","274,022","283,537","14,389","4,874",1.8,"4,874","14,264",-521,-547,0,27,-1,"18,617","42,764","44,477","40,464","4,013","-1,713","-24,147"
Q3 2015,"1,026,512","1,024,852","1,660","178,332","69,148","8,932","100,252","145,936","200,988","55,052","1,350,780","1,350,780","291,240","4,448","91,760","192,564","16,888","60,844","114,832","2,468","505,692","15,308","133,412","351,308","243,368","107,940","95,088","5,664","1,136,328","1,136,328","1,129,568","41,652","48,412",4.3,"48,412","57,496","-2,456","-2,560",0,108,-4,"103,452","159,672","160,152","149,564","10,588",-480,"-56,220","256,266","255,867",399,"51,817","18,506","7,089","26,222","35,522","49,505","13,983","343,605","343,605","72,907","1,111","23,014","48,143","4,043","15,188","28,912",639,"120,033","3,824","30,877","83,919","59,719","24,200","21,010","1,413","296,479","296,479","286,210","7,863","18,132",6.1,"18,132","14,596",-580,-606,0,27,-1,"32,148","47,429","43,669","39,899","3,770","3,760","-15,281"
Q4 2015,"1,027,908","1,026,216","1,692","180,796","69,860","9,640","101,296","150,748","206,120","55,372","1,359,452","1,359,452","293,584","4,432","92,408","194,260","17,448","61,360","115,452","2,484","515,112","15,328","134,592","359,460","248,472","110,988","98,220","5,732","1,137,924","1,137,924","1,139,280","42,184","40,828",3.6,"40,828","58,320","-1,872","-2,000",0,132,-4,"97,276","159,760","160,444","149,652","10,792",-684,"-62,484","258,491","258,055",436,"45,789","17,584","3,148","25,057","39,585","53,486","13,901","343,865","343,865","72,397","1,114","22,908","47,788","3,970","15,266","28,552",587,"123,675","3,854","35,002","83,385","63,062","20,323","17,122","1,434","292,587","292,587","290,623","12,094","14,058",4.8,"14,058","14,365",-479,-511,0,33,-1,"27,944","39,001","39,868","36,695","3,173",-867,"-11,057"
Q1 2016,"1,018,556","1,016,848","1,708","182,032","71,548","8,868","101,616","129,888","184,940","55,052","1,330,476","1,330,476","297,944","4,384","95,280","195,764","17,804","61,676","116,284","2,516","520,776","15,140","136,172","363,368","253,128","110,240","97,284","6,096","1,107,644","1,107,644","1,141,184","40,892","7,352",0.7,"7,352","58,796","-2,552","-2,688",0,136,0,"63,596","173,524","173,636","157,592","16,044",-112,"-109,928","251,372","250,931",441,"40,870","15,868",756,"24,246","31,346","45,392","14,046","323,588","323,588","75,434","1,082","23,462","50,216","5,246","15,554","29,416",674,"136,172","3,731","31,538","99,373","65,632","33,741","30,430","1,530","262,850","262,850","269,924","8,076","1,002",0.4,"1,002","14,603",-670,-704,0,34,0,"14,935","35,237","37,209","34,370","2,839","-1,972","-20,302"
Q2 2016,"1,020,468","1,018,772","1,696","183,900","72,548","8,456","102,896","130,092","187,088","56,996","1,334,460","1,334,460","304,708","4,392","98,580","199,260","17,912","62,480","118,868","2,476","511,048","15,208","142,480","347,308","237,024","110,284","97,792","6,052","1,128,120","1,128,120","1,147,040","43,900","24,980",2.2,"24,980","64,700","-2,084","-2,204",0,120,0,"87,596","165,460","165,096","155,740","9,356",364,"-77,864","257,208","256,796",412,"41,558","18,814","-3,237","25,981","31,923","45,771","13,848","330,689","330,689","75,803","1,108","24,894","49,214","4,294","15,577","29,343",587,"133,789","3,834","39,270","89,175","57,537","31,638","28,565","1,510","272,703","272,703","292,177","14,376","-5,098",-1.9,"-5,098","16,120",-468,-498,0,30,0,"10,554","43,420","45,256","42,740","2,516","-1,836","-32,866"
Q3 2016,"1,024,384","1,022,680","1,704","183,256","71,800","7,680","103,776","134,080","190,544","56,464","1,341,720","1,341,720","310,984","4,432","99,280","204,764","18,768","62,932","123,064","2,508","511,680","15,440","142,256","347,956","237,208","110,748","98,160","6,028","1,141,024","1,141,024","1,156,132","42,976","27,868",2.4,"27,868","60,068","-2,168","-2,292",0,124,0,"85,768","169,316","169,480","157,620","11,860",-164,"-83,548","255,283","254,874",409,"54,046","19,191","7,744","27,111","32,753","46,891","14,138","342,082","342,082","78,074","1,105","25,054","51,268","4,507","15,713","31,048",647,"121,007","3,852","32,835","82,816","58,006","24,810","21,687","1,504","299,149","299,149","292,607","7,781","14,323",4.8,"14,323","15,417",-549,-580,0,31,0,"29,191","49,970","45,461","41,737","3,724","4,509","-20,779"
Q4 2016,"1,033,160","1,031,432","1,728","185,120","73,508","7,124","104,488","138,332","195,440","57,108","1,356,612","1,356,612","314,672","4,516","99,004","208,620","18,600","63,656","126,364","2,532","517,040","15,908","143,792","351,260","241,196","110,064","97,304","6,080","1,154,244","1,154,244","1,170,316","44,788","28,716",2.5,"28,716","59,740","-2,324","-2,488",0,164,0,"86,132","168,496","169,116","158,672","10,444",-620,"-82,364","260,279","259,832",447,"47,103","18,478","2,769","25,856","37,076","51,449","14,373","344,458","344,458","77,766","1,136","24,626","51,404","4,224","15,842","31,338",600,"124,168","4,007","37,532","81,109","60,964","20,145","16,953","1,520","298,056","298,056","298,960","12,906","12,002",4,"12,002","14,686",-595,-636,0,41,0,"26,093","40,572","41,406","38,559","2,847",-834,"-14,479"
Q1 2017,"1,043,448","1,041,828","1,620","186,528","72,684","8,536","105,308","135,748","193,672","57,924","1,365,724","1,365,724","315,560","4,592","98,564","209,852","18,764","64,284","126,804","2,552","523,276","16,328","141,468","358,800","249,196","109,604","96,760","6,680","1,158,008","1,158,008","1,187,868","42,904","13,044",1.1,"13,044","61,520","-1,280","-1,432",0,152,0,"73,284","180,760","180,160","165,600","14,560",600,"-107,476","257,532","257,124",408,"42,639","16,944",561,"25,134","32,836","47,439","14,603","333,007","333,007","79,959","1,132","24,542","53,605","5,506","16,198","31,901",680,"137,540","4,035","32,637","99,193","65,672","33,521","30,226","1,675","275,426","275,426","280,581","8,095","2,940",1.1,"2,940","15,315",-359,-397,0,38,0,"17,896","36,608","38,401","36,402","1,999","-1,793","-18,712"
Q2 2017,"1,055,656","1,053,964","1,692","189,220","74,736","8,548","105,936","139,892","199,320","59,428","1,384,768","1,384,768","320,920","4,712","99,572","214,052","18,084","64,860","131,108","2,584","526,572","16,804","142,428","360,616","250,524","110,092","97,036","6,724","1,179,116","1,179,116","1,204,248","42,856","17,724",1.5,"17,724","61,776","-2,880","-3,168",0,288,0,"76,620","173,856","173,300","164,192","9,108",556,"-97,236","265,848","265,430",418,"42,893","19,661","-3,557","26,789","34,302","48,765","14,463","343,043","343,043","79,939","1,186","25,107","53,033","4,251","16,200","32,582",613,"137,092","4,224","39,189","91,999","60,402","31,597","28,395","1,680","285,890","285,890","306,500","14,082","-6,528",-2.3,"-6,528","15,552",-696,-768,0,72,0,"8,328","45,621","47,530","44,891","2,639","-1,909","-37,293"
Q3 2017,"1,075,132","1,073,480","1,652","191,424","77,152","7,844","106,428","147,052","207,564","60,512","1,413,608","1,413,608","322,620","4,856","100,972","214,292","17,432","65,708","131,152","2,500","532,308","17,220","144,884","363,544","252,344","111,200","97,912","6,660","1,203,920","1,203,920","1,214,164","43,912","33,668",2.8,"33,668","62,136","-2,104","-2,400",0,296,0,"93,700","177,880","177,472","166,536","10,936",408,"-84,180","267,798","267,390",408,"55,850","20,152","7,915","27,783","35,902","51,103","15,201","359,550","359,550","80,815","1,210","25,264","53,696","4,208","16,400","33,088",645,"125,903","4,283","33,509","86,450","61,460","24,990","21,699","1,661","314,462","314,462","307,580","8,245","15,127",4.8,"15,127","15,702",-525,-599,0,74,0,"30,304","52,140","47,780","43,928","3,852","4,360","-21,836"
Q4 2017,"1,091,856","1,090,244","1,612","194,124","79,444","7,944","106,736","145,320","208,200","62,880","1,431,300","1,431,300","324,572","5,012","100,184","216,860","17,460","66,324","133,076","2,516","539,448","17,472","145,424","369,832","258,036","111,796","98,500","6,720","1,216,424","1,216,424","1,230,332","45,240","31,332",2.6,"31,332","63,548","-1,912","-2,224",0,312,0,"92,968","188,724","187,944","171,304","16,640",780,"-95,756","275,345","274,935",410,"48,942","19,247","3,299","26,396","38,963","54,882","15,919","363,250","363,250","80,205","1,265","24,910","53,430","3,970","16,496","32,964",600,"129,866","4,414","38,216","85,556","64,991","20,565","17,232","1,680","313,589","313,589","314,492","13,306","12,403",4,"12,403","15,676",-464,-542,0,78,0,"27,615","45,936","46,008","41,687","4,321",-72,"-18,321"
Q1 2018,"1,109,864","1,108,228","1,636","192,888","76,736","7,076","109,076","135,296","201,224","65,928","1,438,048","1,438,048","327,376","5,200","102,012","217,636","17,472","67,016","133,148","2,528","549,716","19,828","147,116","375,736","260,748","114,988","101,692","7,036","1,215,708","1,215,708","1,244,136","45,104","16,676",1.4,"16,676","64,644","-1,832","-2,160",0,328,0,"79,488","194,312","193,568","172,228","21,340",744,"-114,824","273,991","273,583",408,"43,577","17,217",280,"26,080","32,561","49,147","16,586","350,129","350,129","82,263","1,280","25,008","55,325","5,117","16,889","33,319",650,"145,009","4,890","34,056","104,302","69,174","35,128","31,694","1,761","287,383","287,383","294,326","9,048","2,105",0.7,"2,105","16,077",-469,-551,0,82,0,"17,713","38,921","40,705","37,703","3,002","-1,784","-21,208"
Q2 2018,"1,116,604","1,114,916","1,688","194,420","76,928","7,272","110,220","129,788","197,836","68,048","1,440,812","1,440,812","332,972","5,268","103,848","221,128","16,804","67,904","136,420","2,728","557,340","18,888","146,032","385,292","269,436","115,856","102,460","7,128","1,216,444","1,216,444","1,256,980","42,184","1,648",0.1,"1,648","66,228","-2,020","-2,528",0,508,0,"65,856","190,812","190,812","171,784","19,028",0,"-124,956","281,081","280,662",419,"44,048","20,143","-3,944","27,849","31,876","48,515","16,639","357,005","357,005","83,121","1,325","26,518","54,614","3,920","16,978","33,716",664,"144,113","4,763","40,256","97,310","64,257","33,053","29,785","1,784","296,013","296,013","319,976","13,738","-10,225",-3.5,"-10,225","16,724",-499,-626,0,127,0,"6,000","49,466","51,615","46,773","4,842","-2,149","-43,466"
Q3 2018,"1,125,248","1,123,540","1,708","195,708","76,600","6,960","112,148","131,388","203,064","71,676","1,452,344","1,452,344","335,020","5,320","104,484","222,508","16,948","68,548","137,012","2,708","564,380","18,448","149,172","389,644","273,056","116,588","103,148","7,116","1,222,984","1,222,984","1,268,840","44,688","-1,168",-0.1,"-1,168","66,168","-2,052","-2,560",0,508,0,"62,948","184,988","185,152","171,108","14,044",-164,"-122,040","280,188","279,763",425,"56,860","20,126","7,495","29,239","31,832","49,902","18,070","368,880","368,880","84,062","1,326","26,026","56,023","4,126","17,105","34,792",687,"133,146","4,599","34,162","92,611","66,475","26,136","22,825","1,774","319,796","319,796","321,146","8,136","6,786",2.1,"6,786","16,574",-517,-644,0,127,0,"22,843","54,859","50,596","45,450","5,146","4,263","-32,016"
Q4 2018,"1,137,500","1,135,816","1,684","199,452","78,232","6,876","114,344","131,788","206,988","75,200","1,468,740","1,468,740","340,896","5,356","107,528","225,216","16,608","69,200","139,408","2,796","565,100","18,496","148,588","390,876","274,704","116,172","102,540","7,140","1,244,536","1,244,536","1,271,828","41,060","13,768",1.1,"13,768","66,004","-2,252","-2,768",0,516,0,"77,520","183,544","184,060","172,816","11,244",-516,"-106,024","287,044","286,617",427,"51,132","19,638","3,215","28,279","35,796","54,714","18,918","373,972","373,972","84,620","1,355","26,916","55,660","3,795","17,195","34,670",689,"136,866","4,663","39,253","91,164","69,580","21,584","18,156","1,786","321,726","321,726","324,998","12,337","9,065",2.8,"9,065","16,386",-554,-683,0,129,0,"24,897","45,168","45,482","42,058","3,424",-314,"-20,271"
Q1 2019,"1,146,012","1,144,288","1,724","201,412","78,320","6,540","116,552","134,128","212,480","78,352","1,481,552","1,481,552","340,820","5,348","104,012","228,676","16,128","70,344","142,204","2,784","571,212","18,752","148,556","396,308","277,312","118,996","105,076","7,596","1,251,160","1,251,160","1,283,608","44,544","12,096",1,"12,096","67,128","-2,716","-3,244",0,528,0,"76,508","185,504","184,840","169,352","15,488",664,"-108,996","282,861","282,433",428,"48,162","19,568",371,"28,223","31,913","51,707","19,794","362,936","362,936","85,690","1,319","25,634","58,025","4,739","17,742","35,544",712,"151,114","4,616","34,416","110,179","73,345","36,834","33,223","1,903","297,512","297,512","303,790","8,782","2,504",0.8,"2,504","16,779",-679,-811,0,132,0,"18,604","36,754","38,453","36,779","1,674","-1,699","-18,150"
Q2 2019,"1,161,140","1,159,392","1,748","205,600","79,864","6,960","118,776","139,320","218,556","79,236","1,506,060","1,506,060","347,084","5,388","105,200","233,584","16,072","71,272","146,240","2,912","578,344","19,212","153,360","398,140","277,688","120,452","107,080","7,632","1,274,800","1,274,800","1,295,792","48,160","27,168",2.1,"27,168","67,296","-2,196","-2,596",0,400,0,"92,268","182,136","181,692","172,756","8,936",444,"-89,868","292,201","291,764",437,"46,825","20,522","-3,950","30,253","34,006","53,403","19,397","373,032","373,032","86,588","1,352","26,656","57,858","3,876","17,805","36,177",722,"148,677","4,832","41,662","100,275","66,117","34,158","30,913","1,908","310,943","310,943","330,642","15,006","-4,693",-1.5,"-4,693","16,932",-529,-629,0,100,0,"11,710","47,437","49,358","47,137","2,221","-1,921","-35,727"
Q3 2019,"1,175,500","1,173,744","1,756","210,068","81,840","6,780","121,448","137,780","218,704","80,924","1,523,348","1,523,348","345,140","5,416","105,384","231,392","17,740","71,976","141,676","2,948","581,140","19,580","153,660","400,316","280,340","119,976","106,692","7,584","1,287,348","1,287,348","1,303,680","48,276","31,944",2.5,"31,944","67,932","-2,260","-2,708",0,448,0,"97,616","191,612","191,208","174,404","16,804",404,"-93,996","292,736","292,298",438,"58,601","20,162","7,336","31,103","33,426","53,704","20,278","384,763","384,763","86,559","1,350","26,186","58,284","4,285","17,955","36,044",739,"137,012","4,885","35,158","95,081","68,225","26,856","23,598","1,888","334,310","334,310","330,080","8,972","13,202",3.9,"13,202","17,095",-570,-682,0,112,0,"29,727","57,092","52,861","46,765","6,096","4,231","-27,365"
Q4 2019,"1,191,732","1,189,996","1,736","214,920","83,036","7,576","124,308","139,888","220,608","80,720","1,546,540","1,546,540","351,384","5,480","109,524","233,388","17,604","72,756","143,028","2,992","589,784","19,952","158,448","403,900","282,032","121,868","108,688","7,484","1,308,140","1,308,140","1,320,184","48,924","36,880",2.8,"36,880","69,000","-2,408","-2,812",0,404,0,"103,472","183,884","183,220","175,400","7,820",664,"-80,412","300,798","300,360",438,"54,412","20,513","3,207","30,692","38,434","58,773","20,339","393,644","393,644","87,270","1,387","27,554","57,593","3,986","18,085","35,522",736,"143,317","5,041","42,270","94,131","71,656","22,475","19,150","1,875","337,597","337,597","336,304","14,716","16,009",4.7,"16,009","17,033",-617,-718,0,101,0,"32,425","44,501","44,568","42,297","2,271",-67,"-12,076"
Q1 2020,"1,179,688","1,178,124","1,564","211,220","79,364","6,812","125,044","141,296","219,436","78,140","1,532,204","1,532,204","379,748","5,484","114,828","256,428","18,508","73,704","164,216","3,008","589,660","19,860","157,472","405,140","284,856","120,284","107,448","7,188","1,322,292","1,322,292","1,290,804","42,644","74,132",5.6,"74,132","69,044","-2,632","-3,052",0,420,0,"140,544","194,544","193,804","178,980","14,824",740,"-54,000","291,529","291,142",387,"49,417","18,336",797,"30,284","33,352","53,081","19,729","374,298","374,298","96,200","1,353","28,902","65,188","5,366","18,600","41,222",757,"156,211","4,889","37,024","112,500","75,042","37,458","34,120","1,798","314,287","314,287","302,985","8,122","19,424",6.2,"19,424","17,268",-662,-767,0,105,0,"36,030","39,129","40,881","39,569","1,312","-1,752","-3,099"
Q2 2020,"1,083,188","1,082,236",952,"201,164","67,852","7,036","126,276","142,044","213,976","71,932","1,426,396","1,426,396","587,268","8,640","108,496","467,044","85,440","74,552","307,052","3,088","557,532","18,072","138,640","392,872","279,180","113,692","101,240","7,948","1,456,132","1,456,132","1,100,252","30,144","386,024",26.5,"386,024","70,176","-3,016","-3,200",0,184,0,"453,184","162,236","163,076","153,296","9,780",-840,"290,948","270,725","270,485",240,"45,237","17,481","-4,338","32,094","34,820","52,476","17,656","350,782","350,782","146,638","2,162","27,509","116,194","21,207","18,616","76,371",773,"141,921","4,540","36,813","98,579","66,382","32,197","29,184","1,989","355,499","355,499","280,731","9,304","84,072",23.6,"84,072","17,610",-734,-780,0,46,0,"100,948","42,264","44,690","42,239","2,451","-2,426","58,684"
Q3 2020,"1,164,900","1,163,956",944,"208,824","77,732","6,620","124,472","135,232","205,936","70,704","1,508,956","1,508,956","476,564","8,932","109,584","355,004","47,952","75,324","231,728","3,044","593,452","19,488","153,704","412,408","294,424","117,984","105,388","7,852","1,392,068","1,392,068","1,254,552","44,120","181,636",13,"181,636","70,716","-2,992","-3,164",0,172,0,"249,360","208,012","210,696","204,768","5,928","-2,684","41,348","290,275","290,039",236,"59,574","20,193","7,628","31,753","33,055","50,776","17,721","382,904","382,904","118,826","2,231","26,592","89,244","11,867","18,790","58,587",759,"140,606","4,869","35,588","98,195","71,739","26,456","23,376","1,954","361,124","361,124","320,316","8,996","49,804",13.8,"49,804","17,786",-751,-794,0,43,0,"66,839","62,753","58,832","55,187","3,645","3,921","4,086"
Q4 2020,"1,195,596","1,194,644",952,"207,644","77,584","6,028","124,032","139,996","209,536","69,540","1,543,236","1,543,236","430,980","8,200","111,584","308,152","43,556","76,148","188,448","3,044","595,252","20,100","150,672","416,752","293,472","123,280","110,480","7,728","1,378,964","1,378,964","1,265,980","39,088","152,072",11,"152,072","72,256","-2,972","-3,116",0,144,0,"221,356","224,312","225,044","212,804","12,240",-732,"-2,956","303,314","303,074",240,"52,985","19,623","2,537","30,825","38,415","55,888","17,473","394,714","394,714","106,976","2,068","28,120","76,031","10,424","18,926","46,681",757,"145,236","5,082","40,697","97,519","74,820","22,699","19,459","1,938","356,454","356,454","323,865","12,577","45,166",12.7,"45,166","17,884",-756,-792,0,36,0,"62,294","53,130","53,752","50,467","3,285",-622,"9,164"
Q1 2021,"1,224,976","1,223,980",996,"213,996","87,384","4,844","121,768","145,604","213,708","68,104","1,584,576","1,584,576","457,412","10,128","110,736","333,580","48,424","76,748","208,408","2,968","606,096","20,596","156,168","421,436","295,532","125,904","112,180","7,896","1,435,892","1,435,892","1,280,320","45,432","201,004",14,"201,004","73,300","-2,724","-2,864",0,140,0,"271,580","248,780","251,408","234,880","16,528","-2,628","22,800","302,707","302,461",246,"50,249","19,935",785,"29,529","34,771","51,743","16,972","387,727","387,727","116,544","2,515","27,385","85,901","14,176","19,372","52,353",743,"161,279","5,073","36,711","117,521","78,122","39,399","35,825","1,974","342,992","342,992","298,058","9,326","54,260",15.8,"54,260","18,330",-691,-726,0,35,0,"71,899","50,374","52,791","51,358","1,433","-2,417","21,525"
Q2 2021,"1,246,208","1,245,200","1,008","218,328","91,360","5,384","121,584","147,932","215,580","67,648","1,612,468","1,612,468","456,044","9,812","114,712","328,596","50,596","77,332","200,668","2,924","619,464","20,772","155,216","435,644","307,732","127,912","115,004","7,832","1,449,048","1,449,048","1,284,516","40,504","205,036",14.1,"205,036","75,824","-2,824","-2,988",0,164,0,"278,036","246,160","247,596","239,468","8,128","-1,436","31,876","310,900","310,647",253,"49,129","23,588","-5,164","30,705","35,806","52,564","16,758","395,835","395,835","112,685","2,454","29,043","80,453","11,607","19,305","49,541",735,"158,200","5,210","41,636","109,394","73,117","36,277","33,170","1,960","350,320","350,320","328,069","12,593","34,844",9.9,"34,844","18,993",-685,-726,0,41,0,"53,152","66,196","68,742","66,716","2,026","-2,546","-13,044"
Q3 2021,"1,282,196","1,281,112","1,084","217,076","88,200","4,236","124,640","151,476","217,104","65,628","1,650,748","1,650,748","444,384","9,988","119,180","312,072","48,516","78,276","185,280","3,144","640,568","21,440","160,920","450,284","315,628","134,656","121,608","7,924","1,454,564","1,454,564","1,361,180","41,740","135,124",9.3,"135,124","79,836","-2,736","-2,908",0,172,0,"212,224","227,004","230,968","226,672","4,296","-3,964","-14,780","319,680","319,409",271,"61,279","22,986","6,443","31,850","36,999","53,566","16,567","417,958","417,958","110,504","2,495","28,937","78,287","11,675","19,524","47,088",785,"151,515","5,357","37,144","107,041","76,800","30,241","27,048","1,973","376,947","376,947","347,148","8,207","38,006",10.1,"38,006","20,109",-683,-726,0,43,0,"57,432","67,188","64,070","60,644","3,426","3,118","-9,756"
Q4 2021,"1,304,980","1,303,896","1,084","219,672","89,316","6,112","124,244","150,832","217,140","66,308","1,675,484","1,675,484","412,352","11,324","119,936","277,916","27,860","79,000","171,056","3,176","649,068","21,956","158,892","460,184","326,680","133,504","120,580","8,036","1,438,768","1,438,768","1,384,524","38,956","93,200",6.5,"93,200","82,116","-2,644","-2,856",0,212,0,"172,672","252,668","253,604","245,600","8,004",-936,"-79,996","331,303","331,030",273,"56,611","22,556","3,080","30,975","41,385","58,010","16,625","429,299","429,299","102,815","2,849","30,776","68,400","6,391","19,638","42,371",790,"157,805","5,551","42,308","107,931","83,354","24,577","21,300","2,015","374,309","374,309","354,360","11,532","31,481",8.4,"31,481","20,337",-673,-726,0,53,0,"51,145","59,895","60,291","57,937","2,354",-396,"-8,750"
Q1 2022,"1,351,912","1,350,816","1,096","227,812","94,892","7,728","125,192","163,236","231,040","67,804","1,742,960","1,742,960","423,072","11,956","122,036","285,908","23,564","80,380","181,964","3,172","666,168","22,644","168,468","468,120","334,932","133,188","121,772","6,936","1,499,864","1,499,864","1,414,220","46,432","132,076",8.8,"132,076","84,988","-2,364","-2,916",0,552,0,"214,700","271,812","271,364","259,536","11,828",448,"-57,112","334,034","333,763",271,"52,085","21,877",10,"30,198","39,486","56,264","16,778","425,605","425,605","106,598","2,972","30,251","72,585","6,738","20,363","45,484",790,"177,556","5,597","39,683","130,551","88,581","41,970","39,009","1,725","354,647","354,647","331,421","9,432","32,658",9.2,"32,658","21,122",-588,-726,0,138,0,"53,192","56,242","58,954","58,316",638,"-2,712","-3,050"
Q2 2022,"1,377,868","1,376,756","1,112","236,452","97,164","9,752","129,536","159,044","235,780","76,736","1,773,364","1,773,364","409,988","11,348","122,164","273,208","19,864","80,828","172,516","3,268","672,992","23,020","162,444","480,596","339,864","140,732","128,976","6,932","1,510,360","1,510,360","1,473,568","40,280","77,072",5.1,"77,072","87,580","-2,588","-2,928",0,340,0,"162,064","246,920","244,240","236,692","7,548","2,680","-84,856","344,659","344,380",279,"51,131","25,369","-7,112","32,874","39,574","58,157","18,583","435,364","435,364","101,888","2,841","30,738","67,500","4,777","20,167","42,556",809,"171,221","5,775","43,115","120,601","80,549","40,052","37,218","1,730","366,031","366,031","375,992","12,377","2,416",0.7,"2,416","22,020",-641,-726,0,85,0,"23,795","63,622","66,497","64,600","1,897","-2,875","-39,827"
Q3 2022,"1,393,380","1,392,252","1,128","241,412","97,088","10,868","133,456","150,112","241,708","91,596","1,784,904","1,784,904","419,432","11,116","122,224","282,720","20,652","81,868","180,200","3,372","686,684","23,352","161,048","495,240","348,636","146,604","134,848","7,044","1,517,652","1,517,652","1,485,408","38,824","71,068",4.7,"71,068","88,560","-2,564","-2,912",0,348,0,"157,064","229,136","227,152","226,324",828,"1,984","-72,072","347,922","347,640",282,"71,610","25,143","12,198","34,269","36,414","59,422","23,008","455,946","455,946","105,150","2,777","30,180","71,338","4,874","20,394","46,070",855,"163,903","5,830","37,403","118,910","85,367","33,543","30,640","1,760","397,193","397,193","377,851","7,223","26,565",6.7,"26,565","22,282",-639,-726,0,87,0,"48,208","69,511","62,094","59,602","2,492","7,417","-21,303"
Q4 2022,"1,409,352","1,408,200","1,152","245,204","97,432","9,584","138,188","148,952","256,280","107,328","1,803,508","1,803,508","442,780","13,140","119,576","306,544","18,444","82,776","205,324","3,520","691,396","23,688","160,680","499,888","351,652","148,236","136,864","7,140","1,554,892","1,554,892","1,505,484","41,104","90,512",5.8,"90,512","90,180","-2,372","-2,860",0,488,0,"178,320","229,240","230,324","226,296","4,028","-1,084","-50,920","356,513","356,223",290,"62,894","24,255","4,387","34,252","39,862","67,359","27,497","459,269","459,269","110,182","3,300","30,331","75,672","4,242","20,539","50,891",879,"166,630","5,974","42,959","115,899","89,274","26,625","23,748","1,798","402,821","402,821","384,406","12,628","31,043",7.7,"31,043","22,403",-604,-726,0,122,0,"52,842","54,902","55,725","54,694","1,031",-823,"-2,060"
Q1 2023,"1,435,964","1,434,812","1,152","252,036","97,940","9,532","144,564","145,440","268,892","123,452","1,833,440","1,833,440","424,748","10,708","118,832","291,684","19,556","85,180","186,948","3,524","713,228","24,032","164,752","516,792","357,228","159,564","148,148","7,652","1,544,960","1,544,960","1,534,032","45,920","56,848",3.7,"56,848","90,340","-2,372","-2,932",0,560,0,"144,816","240,736","243,064","230,296","12,768","-2,328","-95,920","354,439","354,153",286,"57,404","22,701",-22,"34,725","35,265","65,962","30,697","447,108","447,108","106,759","2,658","29,421","73,803","5,569","21,596","46,638",877,"191,751","5,940","39,243","144,678","94,081","50,597","47,664","1,890","362,116","362,116","361,229","9,822","10,709",3,"10,709","22,519",-586,-726,0,140,0,"32,642","50,489","54,462","53,709",753,"-3,973","-17,847"
Q2 2023,"1,467,648","1,466,508","1,140","257,844","101,008","7,704","149,132","152,680","283,644","130,964","1,878,172","1,878,172","432,672","11,016","121,528","296,520","16,880","84,332","195,308","3,608","726,076","24,588","166,408","527,432","366,544","160,888","149,208","7,648","1,584,768","1,584,768","1,549,440","44,880","80,208",5.1,"80,208","91,012","-2,392","-2,928",0,536,0,"168,828","238,540","238,992","231,500","7,492",-452,"-69,712","367,733","367,447",286,"57,431","26,286","-6,811","37,956","38,135","70,125","31,990","463,299","463,299","107,691","2,760","30,598","73,442","3,984","21,020","48,438",891,"184,926","6,162","44,290","132,568","86,982","45,586","42,752","1,906","386,064","386,064","396,010","13,692","3,746",1,"3,746","22,840",-592,-726,0,134,0,"25,994","62,660","65,828","64,181","1,647","-3,168","-36,666"
,,,,,,,,,,,,,,,,,,,,,,,,,,,,,,,,,,,,,,,,,,,,,,,,,,,,,,,,,,,,,,,,,,,,,,,,,,,,,,,,,,,,,,,,,,,,,,,,
,,,,,,,,,,,,,,,,,,,,,,,,,,,,,,,,,,,,,,,,,,,,,,,,,,,,,,,,,,,,,,,,,,,,,,,,,,,,,,,,,,,,,,,,,,,,,,,,
,,,,,,,,,,,,,,,,,,,,,,,,,,,,,,,,,,,,,,,,,,,,,,,,,,,,,,,,,,,,,,,,,,,,,,,,,,,,,,,,,,,,,,,,,,,,,,,,
,,,,,,,,,,,,,,,,,,,,,,,,,,,,,,,,,,,,,,,,,,,,,,,,,,,,,,,,,,,,,,,,,,,,,,,,,,,,,,,,,,,,,,,,,,,,,,,,
Footnotes:,,,,,,,,,,,,,,,,,,,,,,,,,,,,,,,,,,,,,,,,,,,,,,,,,,,,,,,,,,,,,,,,,,,,,,,,,,,,,,,,,,,,,,,,,,,,,,,,
1,Current accounts: Allocation of primary income account.,,,,,,,,,,,,,,,,,,,,,,,,,,,,,,,,,,,,,,,,,,,,,,,,,,,,,,,,,,,,,,,,,,,,,,,,,,,,,,,,,,,,,,,,,,,,,,,
2,Current accounts: Secondary distribution of income account.,,,,,,,,,,,,,,,,,,,,,,,,,,,,,,,,,,,,,,,,,,,,,,,,,,,,,,,,,,,,,,,,,,,,,,,,,,,,,,,,,,,,,,,,,,,,,,,
3,"This series may be impacted by government COVID-19 support measures. Details may be found in the table <a href=https://www150.statcan.gc.ca/n1/en/type/data?text=36100687"" rel=""external noopener noreferrer"" target=""_blank"">Federal government COVID-19 support measures in the System of Macroeconomic Accounts"," quarterly (opens new window)</a>.""",,,,,,,,,,,,,,,,,,,,,,,,,,,,,,,,,,,,,,,,,,,,,,,,,,,,,,,,,,,,,,,,,,,,,,,,,,,,,,,,,,,,,,,,,,,,,,
4,Current accounts: Use of disposable income account.,,,,,,,,,,,,,,,,,,,,,,,,,,,,,,,,,,,,,,,,,,,,,,,,,,,,,,,,,,,,,,,,,,,,,,,,,,,,,,,,,,,,,,,,,,,,,,,
5,Capital account.,,,,,,,,,,,,,,,,,,,,,,,,,,,,,,,,,,,,,,,,,,,,,,,,,,,,,,,,,,,,,,,,,,,,,,,,,,,,,,,,,,,,,,,,,,,,,,,
,,,,,,,,,,,,,,,,,,,,,,,,,,,,,,,,,,,,,,,,,,,,,,,,,,,,,,,,,,,,,,,,,,,,,,,,,,,,,,,,,,,,,,,,,,,,,,,,
,,,,,,,,,,,,,,,,,,,,,,,,,,,,,,,,,,,,,,,,,,,,,,,,,,,,,,,,,,,,,,,,,,,,,,,,,,,,,,,,,,,,,,,,,,,,,,,,
,,,,,,,,,,,,,,,,,,,,,,,,,,,,,,,,,,,,,,,,,,,,,,,,,,,,,,,,,,,,,,,,,,,,,,,,,,,,,,,,,,,,,,,,,,,,,,,,
"How to cite: Statistics Canada. Table 36-10-0112-01  Current and capital accounts - Households, Canada, quarterly",,,,,,,,,,,,,,,,,,,,,,,,,,,,,,,,,,,,,,,,,,,,,,,,,,,,,,,,,,,,,,,,,,,,,,,,,,,,,,,,,,,,,,,,,,,,,,,,
https://www150.statcan.gc.ca/t1/tbl1/en/tv.action?pid=3610011201,,,,,,,,,,,,,,,,,,,,,,,,,,,,,,,,,,,,,,,,,,,,,,,,,,,,,,,,,,,,,,,,,,,,,,,,,,,,,,,,,,,,,,,,,,,,,,,,
